Group number,Level,Answer
#0001,1,Y060000N044000F050010Z015010U010030P034030X003040I000050W021050L054060T011070V034070
#0002,1,Y060000N044000Z030010F015010P070030U013030X002040W034050I005050L010060V021070T034070
#0003,1,L070000T011000V002000I005000W002020X002030P010040U033050Z012060F074060Y021080N002080
#0004,1,L070000T011000V002000I005000W002020X002030P010040U033050Z012060F074060N061080Y044080
#0005,2,Y060000N044000F050010I005010U023020L070030W012030Z022050X004050V020070T033070P055070
#0006,2,N070000F051000Y002000I005010U023020L070030W012030Z022050X004050V020070T033070P055070
#0007,2,N020000Y002000F050010I005010U023020L070030W012030Z022050X004050V020070T033070P055070
#0008,2,Y060000N044000F050010I005010U023020L070030W012030Z022050X004050T010070V033070P055070
#0009,2,N020000Y002000F050010I005010U023020L070030W012030Z022050X004050T010070V033070P055070
#0010,2,T010000V001000P034000Z001020X004020L010030W021040I005040U023050N011060F032070Y044080
#0011,3,L010000W012000P034000F033010Y071030X003030U024030I000040N072060V003060T021070Z003070
#0012,3,I000000L071000V012000T035000W003020F013030X004040N020050Z030060Y035060U003070P040080
#0013,3,P000000V003000N042010W034010L050030Z014030Y035030I000040F033050T021070X003070U024070
#0014,3,L010000W012000P034000X003010N021030U024030I000040T011040F002060V003060Z003070Y021080
#0015,3,L010000W012000P034000F033010Y071030X003030U024030I000040Z032060V003060T021070N022080
#0016,3,L000000P074000N000010I000020T011020Y055020F032040Z003040W002060U000070X002070V035070
#0017,3,L060000V034000I005000N061010U000030X002030Z003030F073050W000060Y035060P010070T023070
#0018,3,I000000L061000T035000F072010N054020W001030X001040V034040Y070060Z015060U021070P024080
#0019,3,V010000T033000L034000I005000W011020F052030X001040N044050Z030060Y035060U003070P040080
#0020,3,V010000N043000I005000L044010U000030X002030Z003030F073050P070060Y035060W032070T023070
#0021,3,P070000N032000U033000X004010I000030W012030T035030V002050Z021060F003060L035060Y042080
#0022,3,P070000N032000U033000X004010I000030W012030T035030V002050F061060Z002060L035060Y042080
#0023,3,L050000N072000V003000I000010Z003010Y022030T035040W011050X002060F023060P040080U013080
#0024,3,W000000V002000I005000N050010T023010Y070030Z022040X004040F073060L035060U000070P061080
#0025,3,L000000P074000N000010I000020F051020Y055020T011040Z003040W012060V020070X003070U024070
#0026,3,Y060000N044000I000010T035010Z001020V021030W003030F074050L010060X002060P014070U011080
#0027,3,W000000V002000I005000N050010T023010Y070030Z022040X004040P013060L035060U000070F002070
#0028,3,L010000N072000V003000Y071010Z003010I000040W012040P034040F033050T021070X003070U024070
#0029,3,I000000L071000T012000V003000W003020F013030X004040N020050Z030060Y035060U003070P040080
#0030,3,I000000F051000Y002000T035010L021020W011040X003040U024040N011060Z032060V035070P001080
#0031,3,W000000T002000I005000N050010V034010Y070030Z022040X004040P013060L035060U000070F002070
#0032,3,W000000V002000I005000Y010010T023010N031030Z022040X004040F073060L035060U000070P061080
#0033,3,I000000L061000T035000F032010Y044020W011040X003040U024040P051060Z032060V035070N042080
#0034,3,P000000T003000F012010N033010I005010Y010030L074030Z013040W002060U000070X002070V035070
#0035,3,I010000N035000V010010Z023010U001020Y055030T010040F063040X001060W034060P055070L020080
#0036,3,L060000P024000N021010I000020T011020Y055020F032040Z003040W012060V020070X003070U024070
#0037,3,F020000Y062000N070010Z014010V035010I000040W012040P024040L062060T021070X003070U024070
#0038,3,N020000Y002000Z030010T035010L010030W013030I001040P034040F033050V020070X003070U024070
#0039,3,L060000P024000N021010I000020T011020Y055020F032040Z003040W002060U000070X002070V035070
#0040,3,L060000P034000W011010F033010Y071030X003030U024030I000040N072060V003060T021070Z003070
#0041,3,L000000P074000N000010I000020F051020Y055020T011040Z003040W002060U000070X002070V035070
#0042,3,P000000V003000N042010W034010Y070030Z031030L014030I005040X002050U000070F013070T024070
#0043,3,N020000Y002000Z030010T035010L010030W013030I001040P034040X003050V020070F052070U024070
#0044,3,Y060000N044000I000010T035010Z001020V021030W003030F074050U000060X002060P014070L043080
#0045,3,W000000T002000I005000P010010N034010Y032030U000040X004040F073060L035060V020070Z031070
#0046,3,W000000T002000I005000N050010V034010Y070030Z022040X004040F073060L035060U000070P061080
#0047,3,L010000Z032000V003000Y071010N022020I000040W012040P034040X003050T021070F052070U024070
#0048,3,L010000Y062000F021010Z024010V021020I005020T010040W034040N011060X004060P052070U013080
#0049,3,P000000T003000N042010I005010F013020Y010030L074030Z013040W002060U000070X002070V035070
#0050,3,I000000L061000T035000F032010Y044020W011040X003040U024040N021060V020070Z031070P055070
#0051,3,W000000T002000I005000Y010010V034010N031030Z022040X004040F073060L035060U000070P061080
#0052,3,F020000Y062000N070010Z014010V035010I000040W012040P024040U032060L035060T021070X003070
#0053,3,I000000Y061000F015000T011010L045020W011040X003040U024040N011060Z032060V035070P001080
#0054,3,I000000T011000L002000F074010Y022020W011040X003040U024040N011060Z032060V035070P001080
#0055,3,L010000X002000T003000I005010U011020W034030P000040N054050Y060060V020070F072070Z003070
#0056,3,P060000T003000F050010N033010I005010Y010030L074030Z013040W012060V020070X003070U024070
#0057,3,L010000Y062000Z001010F044010V021020I005020T010040W034040N011060X004060P052070U013080
#0058,3,L060000V034000I005000N061010U000030X002030Z003030F073050P070060Y035060W032070T023070
#0059,3,N020000Y002000T010010Z015010W001030L054030P070040I004040F072050U000070X002070V035070
#0060,3,L010000N072000V003000Y071010Z003010I000040W012040P034040X003050T021070F052070U024070
#0061,3,I000000L061000T035000F072010N054020W001030X001040V034040Z030060Y035060U003070P040080
#0062,3,P000000T003000N042010I005010F013020Y010030L074030Z013040W012060V020070X003070U024070
#0063,3,P000000T003000F012010N033010I005010Y010030L074030Z013040W012060V020070X003070U024070
#0064,3,L060000P024000N071010F052010I000020Y055020T011040Z003040W002060U000070X002070V035070
#0065,3,T000000X003000U024000I000010L022020W021030P063040N011050Y002060Z021070F033070V035070
#0066,3,N000000V003000P040010W034010Y070030Z031030L014030I005040X002050U000070F013070T024070
#0067,3,L060000P034000W011010X003010Y071030F052030U024030I000040N072060V003060T021070Z003070
#0068,3,N000000V003000P040010W034010L050030Z014030Y035030I000040X003050T021070F052070U024070
#0069,3,L060000P034000W011010X003010N021030U024030I000040T011040F002060V003060Z003070Y021080
#0070,3,I000000T011000V002000L035000W012020X003030P055040U030050N011060Z033060F032070Y044080
#0071,3,I000000L061000T035000F032010Y044020W011040X003040U024040N011060Z032060V035070P001080
#0072,3,I000000Y061000F015000T011010L045020W011040X003040U024040P051060Z032060V035070N042080
#0073,3,F020000Y062000I000010Z014010V035010W021030P063040N011050U032060L035060T021070X003070
#0074,3,V020000I011000N001010L054010U000030X002030Z003030F073050P070060Y035060W032070T023070
#0075,3,L060000P024000N071010F052010I000020Y055020T011040Z003040W012060V020070X003070U024070
#0076,3,W000000T002000I005000Y010010V034010N031030Z022040X004040P013060L035060U000070F002070
#0077,3,L010000W012000P034000X003010N021030U024030I000040T011040Y002060Z021070F033070V035070
#0078,3,N000000U023000I005000F020010L070020X002030Z003030P013050V010060Y035060T021070W022070
#0079,3,T000000X003000L054000I000010U012020W021030P063040N011050F002060V003060Z003070Y021080
#0080,3,I010000N035000T000010F043010L070020X002030W035030Z015050P060060V020070U024070Y001080
#0081,3,N050000F021000U023000I005000L070020X002030Z003030P013050V010060Y035060T021070W022070
#0082,3,N020000Y002000I000010T035010Z001020V021030W003030F074050U000060X002060P014070L043080
#0083,3,I000000V011000T034000L035000W012020X003030P055040U030050N011060Z033060F032070Y044080
#0084,3,L050000N072000V003000I000010Z003010Y022030T035040W011050F042060X004060P040080U013080
#0085,3,F020000Y062000I000010Z014010V035010W021030P063040N011050L062060T021070X003070U024070
#0086,3,P070000T002000I005000W032010N034010Y032030U000040X004040F073060L035060V020070Z031070
#0087,3,N070000P031000U033000X004010I000030W012030T035030V002050Z021060F003060L035060Y042080
#0088,3,L050000Z032000V003000I000010N022020Y022030T035040W011050X002060F023060P040080U013080
#0089,3,I000000N021000V003000F051010W034020T021030Y055030Z003050L070060U031060X002070P024080
#0090,3,I010000N035000T000010F043010L070020X002030W035030Z015050P070060V022060U024070Y021080
#0091,3,L060000P024000N021010I000020F051020Y055020T011040Z003040W002060U000070X002070V035070
#0092,3,V010000Y043000U024000P021020Z033020L010040X002040W003040F061060T023060N054060I010090
#0093,3,L060000P024000N021010I000020F051020Y055020T011040Z003040W012060V020070X003070U024070
#0094,3,I010000T035000L010010F072010N054020W001030X001040V034040Z030060Y035060U003070P040080
#0095,3,N000000U023000I005000F020010L070020X002030Z003030P013050T000060Y035060V020070W022070
#0096,3,L050000Z032000V003000I000010N022020Y022030T035040W011050F042060X004060P040080U013080
#0097,3,P060000T003000F050010N033010I005010Y010030L074030Z013040W002060U000070X002070V035070
#0098,3,N020000Y002000I000010T035010Z001020V021030W003030F074050L010060X002060P014070U011080
#0099,3,I000000N071000F052000V003000W034020T021030Y055030Z003050L070060U031060X002070P024080
#0100,3,I000000T011000L002000F074010Y022020W011040X003040U024040P051060Z032060V035070N042080
#0101,3,N070000P031000U033000X004010I000030W012030T035030V002050F061060Z002060L035060Y042080
#0102,3,I010000Z015000V010010U001020N044020Y055030T010040F063040W021060X004060P010070L045080
#0103,3,N000000T003000P040010I005010F013020Y010030L074030Z013040W002060U000070X002070V035070
#0104,3,I010000Z015000V010010U001020N044020Y055030T010040F063040X001060W034060P055070L020080
#0105,3,P070000T002000Y055000W032010F014020U000040X002040Z024040L035050V010070N043070I011090
#0106,3,V020000L001000I005000N001010U000030X002030Z003030F073050P070060Y035060W032070T023070
#0107,3,I010000T035000L010010F072010N054020W001030X001040V034040Y070060Z015060U021070P024080
#0108,3,P000000V003000N042010W034010L050030Z014030Y035030I000040X003050T021070F052070U024070
#0109,3,N020000V002000I005000L020010U000030X002030Z003030F073050P070060Y035060W032070T023070
#0110,3,F020000Y062000I000010Z014010V035010T011030U024040N062050W020060X003060P055070L020080
#0111,3,L010000Y062000Z001010F044010V021020I005020T010040W034040N051060X004060P010070U013080
#0112,3,L010000W012000P034000X003010Y071030F052030U024030I000040N072060V003060T021070Z003070
#0113,3,L010000W012000P034000X003010Y071030F052030U024030I000040Z032060V003060T021070N022080
#0114,3,N020000V002000I005000L020010U000030X002030Z003030F073050W000060Y035060P010070T023070
#0115,3,I000000F051000Y002000T035010L021020W011040X003040U024040N021060V020070Z031070P055070
#0116,3,N000000V003000P040010W034010L050030Z014030Y035030I000040F033050T021070X003070U024070
#0117,3,I010000N035000F020010T002010L070020X002030W035030Z015050P070060V022060U024070Y021080
#0118,3,N000000T003000Y070010Z031010I005010F072030L074030P000050W002060U000070X002070V035070
#0119,3,P000000V003000N042010W034010Y070030Z031030L014030I005040F072050U000070X002070T024070
#0120,3,N000000T003000P040010I005010F013020Y010030L074030Z013040W012060V020070X003070U024070
#0121,3,N000000T003000Y070010Z031010I005010F072030L074030P000050W012060V020070X003070U024070
#0122,3,L010000Y062000F021010Z024010V021020I005020T010040W034040N051060X004060P010070U013080
#0123,3,T000000X003000U024000N070010L022020I000040W012040P024040F002060V003060Z003070Y021080
#0124,3,W000000V002000I005000Y010010T023010N031030Z022040X004040P013060L035060U000070F002070
#0125,3,T000000X003000U024000N070010L022020I000040W012040P024040Y002060Z021070F033070V035070
#0126,3,I010000N035000V010010Z023010U001020Y055030T010040F063040W021060X004060P010070L045080
#0127,3,W000000T002000I005000P010010N034010Y032030U000040X004040Z013060L035060V020070F014070
#0128,3,F050000Y001000I005000T034010L020020U000040X002040W003040N043060P010070Z014070V035070
#0129,3,L010000X002000T003000N035010U011020P040040W002040I005040Y060060V020070F072070Z003070
#0130,3,F020000Y062000I000010Z014010V035010T011030U024040N062050L070060X003060W021070P055070
#0131,3,T000000N013000Z024000I000010Y035010L031030F033030P063050W012060V020070X003070U024070
#0132,3,I000000N021000V003000F051010W034020T021030Y055030Z003050L000060U000070X002070P024080
#0133,3,I000000T011000L002000F074010Y022020W011040X003040U024040N021060V020070Z031070P055070
#0134,3,T000000X003000U024000I000010L022020W021030P063040N011050F002060V003060Z003070Y021080
#0135,3,L010000Z032000V003000Y071010N022020I000040W012040P034040F033050T021070X003070U024070
#0136,3,V010000N043000I005000L044010U000030X002030Z003030F073050W000060Y035060P010070T023070
#0137,3,L060000P034000W011010X003010Y071030F052030U024030I000040Z032060V003060T021070N022080
#0138,3,P070000T002000I005000W032010N034010Y032030U000040X004040Z013060L035060V020070F014070
#0139,3,L060000P034000W011010X003010N021030U024030I000040T011040Y002060Z021070F033070V035070
#0140,3,I000000N071000F052000V003000W034020T021030Y055030Z003050L000060U000070X002070P024080
#0141,3,N050000F021000U023000I005000L070020X002030Z003030P013050T000060Y035060V020070W022070
#0142,3,L000000P074000N000010I000020T011020Y055020F032040Z003040W012060V020070X003070U024070
#0143,3,I000000L071000V012000T035000W003020F013030X004040N020050Y070060Z015060U021070P024080
#0144,3,T000000X003000L054000N070010U012020I000040W012040P024040F002060V003060Z003070Y021080
#0145,3,T000000N013000Z024000I000010Y035010L031030F033030P063050W002060U000070X002070V035070
#0146,3,V020000L001000I005000N001010U000030X002030Z003030F073050W000060Y035060P010070T023070
#0147,3,N000000V003000P040010W034010Y070030Z031030L014030I005040F072050U000070X002070T024070
#0148,3,I000000F051000Y002000T035010L021020W011040X003040U024040P051060Z032060V035070N042080
#0149,3,L060000P034000W011010F033010Y071030X003030U024030I000040Z032060V003060T021070N022080
#0150,3,N020000Y002000T010010Z015010W001030L054030P070040I004040X002050U000070F013070V035070
#0151,4,L060000Z014000V035000N011010I011030W011040P003040X002050Y055050U000070F013070T024070
#0152,4,I000000P071000T003000W033010Y035010X003030F031040U024050N011060V012060Z033070L021080
#0153,4,P070000U032000Y035000F003010X001020I000040L062040W021050V003050Z003060T021070N022080
#0154,4,I000000L071000N072000V003000Z003010W011040U033040X002050F064050P070070T035070Y022080
#0155,4,U030000V013000P051010Z024010N072020Y035020W000040L070050X004050F051060T035070I010090
#0156,4,U000000Y022000V003000Z012020P043020W011040N063040F014050I005050X001060T034070L020080
#0157,4,V010000N033000P034000Z021010X004020T000040U013040I000050F062050W034060Y035060L021080
#0158,4,U000000Y002000V001010P055010Z012020W011040N063040F014050I005050X001060T034070L020080
#0159,4,L060000P034000X001010U022010V034020W020030I005030F050050Z023050N074060T010070Y043080
#0160,4,L000000P034000T000010I000020Z002020N054020F002030W021050X004050U000070V035070Y061080
#0161,4,T000000N013000Z024000Y070010V035010W011040U033040X002050F064050P070070L045070I011090
#0162,4,I010000T035000P000010Z002020N054020L010030F002030W021050X004050U000070V035070Y061080
#0163,4,N050000L051000V013000P074010I000020Z013030W035030X002050Y055050U000070F013070T024070
#0164,4,I000000Y061000T035000P011010W003020X003030F031040L054050N011060V012060Z003070U011080
#0165,4,I000000N071000W022000P063000T035020F051030X004040L010050V001060Y055060Z021070U012080
#0166,4,I000000L071000Z032000V003000N022020W011040P003040X002050Y055050U000070F013070T024070
#0167,4,N000000T003000F020010L035010Y070020X003020W022040P011050U024050V020060Z033070I010090
#0168,4,I000000N071000W022000P063000T035020F051030X004040U000050V001060Y055060Z012070L044080
#0169,4,N050000F021000T003000L035010Y070020X003020W022040P051050U024050V032060Z033070I010090
#0170,4,L000000P034000Y010010W001010N054020V021030Z032030T010050X003060U024060F031070I011090
#0171,4,I000000Y071000W022000P063000F015020X002030T035040U000050V001060N054060Z012070L044080
#0172,4,I010000W035000Y070010P001010T035020X002030F074040L010050V001060N054060Z021070U012080
#0173,4,V010000U033000Z021010P054010N072020Y035020W000040L070050X004050F051060T035070I010090
#0174,4,Y010000F021000T003000L035010N031020X003020W022040P051050U024050V032060Z033070I010090
#0175,4,I000000Y071000P002000W035000T035020X002030F074040U000050V001060N054060Z012070L044080
#0176,4,I000000N001000L054000V021010Z032010W011040U033040F002050X004050P070070T035070Y022080
#0177,4,P000000U033000F002010X004010W020020T035030I000040N071050V002050Z002060L035060Y021080
#0178,4,U000000Y022000V003000Z012020P043020W011040N063040T034050I005050X001060F073070L020080
#0179,4,F050000I011000X003010U024010T010020Y001040W035040L010050N012050Z015060V032070P024080
#0180,4,L060000P034000X001010W002010T010030U022030N015030F051050I005050Y010060Z013070V034070
#0181,4,I000000N001000L054000V021010Z032010W011040U033040X002050F064050P070070T035070Y022080
#0182,4,I010000W035000Y070010P001010T035020X002030F074040U000050V001060N054060Z012070L044080
#0183,4,I010000F015000U000010X002010T035020N020040V002040W020050Y035050Z002060P010070L022080
#0184,4,N000000T003000V020010Z031010Y035010U030040W003040X001050F063050L020070P034070I010090
#0185,4,N020000L002000W020010T034010I005020Y010030F073030Z021050X003050U012070V035070P040080
#0186,4,I010000W035000Y070010P001010F015020X002030T035040L010050V001060N054060Z021070U012080
#0187,4,I010000T035000V000010P030020W003020X003030Z030040F044050U000060L035060N001070Y042080
#0188,4,N070000F051000L002000W034010I005020Y010030T034030U001050X003050P010070Z014070V035070
#0189,4,P070000Z032000V003000X001020N022020L020040Y002040T035050U000060F002060W003070I010090
#0190,4,N050000T001000P054000L035000I000020F002030Z033030W021050X004050U000070V035070Y061080
#0191,4,I010000T035000V010010P071020W003020X003030Z030040L054050U000060N043060F004070Y042080
#0192,4,I000000Y001000W035000P071010T035020X002030F074040U000050V001060N054060Z012070L044080
#0193,4,N050000Y061000T035000I000020Z022020F074020W003040L071050P072050X004060V020070U013080
#0194,4,I000000L071000N072000V003000Z003010W011040P003040F072050Y055050U000070X002070T024070
#0195,4,I010000T035000P070010N032010W003020X003030F050040L054050Y010060V012060Z003070U011080
#0196,4,W020000P061000N034000I005000T010020F014030X001040L054050Y010060V012060Z003070U011080
#0197,4,P070000Z032000V003000N001020U000030X002030W035030L035050Y060060F014060T010070I011090
#0198,4,W020000P061000N034000I005000T010020F014030X001040U024050Y010060V012060Z033070L021080
#0199,4,I000000V011000N034000L035000Z022010W011040U033040X002050F064050P070070T035070Y022080
#0200,4,N050000L051000U033000X004010V020020F063030I005030Z000050T034050Y070060W033070P024080
#0201,4,I010000T035000U000010X002010F074020L070040Y061040Z031050V003050N074060W022070P040080
#0202,4,I010000Z015000V000010P030020U024020W013030N050040F043050Y055050L070060X002070T024070
#0203,4,L000000P034000T000010I000020Z002020N054020F002030Y031050X004050W022060V035070U010080
#0204,4,N020000L002000W020010T034010I005020Y010030F073030U001050X003050P010070Z014070V035070
#0205,4,I000000Y071000W022000P063000T035020X002030F074040L010050V001060N054060Z021070U012080
#0206,4,T000000W013000Y055000V020010Z003020N073030P000040X002050I005050L070060F051070U023070
#0207,4,L060000P034000X001010U022010V034020W020030I005030T010050Z023050N074060F031070Y043080
#0208,4,L060000N044000T011010P055010I000020F002030Z033030Y031050X004050W022060V035070U010080
#0209,4,V010000Z013000P034000N042020X004020T000040U013040L070050F062050W034060Y035060I010090
#0210,4,P000000Y013000U024000Z012010W011030N044030I005040V011050F014050L070060X002070T024070
#0211,4,I010000T035000P000010N002020L010030F002030Z033030Y031050X004050W022060V035070U010080
#0212,4,I010000F015000U000010X002010T035020L070040Y061040Z031050V003050N074060W022070P040080
#0213,4,I000000Z001000N053000L054000V021010W011040U033040X002050F064050P070070T035070Y022080
#0214,4,L060000Z014000V035000N011010I011030W011040U033040F002050X004050P070070T035070Y022080
#0215,4,I000000Y071000W022000P063000T035020X002030F074040U000050V001060N054060Z012070L044080
#0216,4,I000000L011000N013000Z024000V035010W011040P003040X002050Y055050U000070F013070T024070
#0217,4,V010000U033000N031010L032010X004010F063030I005030P070050T034050W011070Z033070Y022080
#0218,4,N050000L051000P063000Z033010V020020W003030Y043040F050050X003060U024060T010070I011090
#0219,4,I010000T035000Y070010P031010W003020X003030F031040U024050N011060V012060Z033070L021080
#0220,4,T000000N013000Z024000Y070010V035010W011040P003040X002050I005050L034060U000070F013070
#0221,4,P000000U033000F002010X004010W020020T035030I000040Z031050V002050L035060N021070Y021080
#0222,4,T010000Y001000W035000P051020Z032020I005020F022040N050050L051050X004060V020070U013080
#0223,4,U000000P062000Y035000W001010V000030X004030Z000040I000050F063050N035050T011070L045080
#0224,4,U000000X002000V003000W034010I000030T011030L054030F014040Z021060Y044060N042080P024080
#0225,4,I000000L011000N063000Z014010V035010W011040P003040F072050Y055050U000070X002070T024070
#0226,4,I010000W035000Y000010P070020T035020X002030F074040U000050V001060N054060Z012070L044080
#0227,4,I010000T035000P000010Z002020N054020L010030F002030Y031050X004050W022060V035070U010080
#0228,4,I000000Y071000P002000W035000F015020X002030T035040L010050V001060N054060Z021070U012080
#0229,4,V010000X003000U024000N031010L022020W001040T003040F020050I005050Y070060Z022070P054070
#0230,4,F050000I011000X003010U024010T010020N021040V003040W000050Y010060Z023060P034070L021080
#0231,4,I000000Y001000W035000P071010T035020X002030F074040L010050V001060N054060Z021070U012080
#0232,4,I000000Y001000W035000P071010F015020X002030T035040U000050V001060N054060Z012070L044080
#0233,4,U030000L033000P034000X001010V034020W020030I005030F050050Z023050N074060T010070Y043080
#0234,4,I010000T035000U000010X002010F074020N020040V002040P010050Y035050Z022060W023070L020080
#0235,4,L010000X002000P063000U011020Z024020Y035030V010040F061050W002050N042070T035070I010090
#0236,4,I010000T035000P010010N021010Z012030U033030X004040Y051050W022050L035060V020070F052070
#0237,4,U000000Y062000W001010P034010V000030X004030Z000040N070050F063050I005050T034070L020080
#0238,4,L010000N012000U033000X004010V032020F063030I005030P070050T034050W011070Z033070Y022080
#0239,4,I010000T035000Y070010P031010W003020X003030F031040L054050N011060V012060Z003070U011080
#0240,4,N000000P063000Z000010V020020L002020W003030Y043040T010050X003060U024060F031070I011090
#0241,4,P000000W013000Y055000I000020T011020Z003020F042040L013050N015050X001060V035070U010080
#0242,4,I000000Z001000N053000L054000V021010W011040P003040F072050Y055050U000070X002070T024070
#0243,4,L000000P034000U000010X002010F074020I000040Y061040W021050V003050Z003060T021070N022080
#0244,4,I010000T035000U000010X002010F074020N020040V002040W020050Y035050Z002060P010070L022080
#0245,4,I010000W035000Y070010P001010F015020X002030T035040U000050V001060N054060Z012070L044080
#0246,4,I000000L011000N063000Z014010V035010W011040P003040X002050Y055050U000070F013070T024070
#0247,4,I000000L011000N013000Z024000V035010W011040U033040F002050X004050P070070T035070Y022080
#0248,4,P070000N072000V003000Z003010X001020L020040Y002040T035050U000060F002060W003070I010090
#0249,4,I000000Y061000T035000P011010W003020X003030F031040U024050N011060V012060Z033070L021080
#0250,4,I010000Z015000V010010P071020U024020W013030N050040F043050Y055050L070060X002070T024070
#0251,4,U000000P062000Y035000W001010V000030X004030Z000040N070050F063050I005050T034070L020080
#0252,4,U000000Y002000V001010P055010Z012020W011040N063040T034050I005050X001060F073070L020080
#0253,4,I010000T035000U000010X002010F074020N020040V002040L020050Y035050P010070Z001070W023070
#0254,4,I010000T035000U000010X002010F074020W020040Y061040L013050N015050Z030060V035070P040080
#0255,4,F050000I011000X003010U024010T010020N021040V003040Y070050L021050W032070Z023070P055070
#0256,4,U000000Y062000W001010P034010V000030X004030Z000040I000050F063050N035050T011070L045080
#0257,4,N050000F021000T003000L035010Y070020X003020W022040P011050U024050V020060Z033070I010090
#0258,4,V010000U033000Z021010P054010N072020Y035020W000040I000050X004050F051060T035070L021080
#0259,4,I010000T035000P000010N002020L010030F002030Z033030W021050X004050U000070V035070Y061080
#0260,4,I000000L071000N072000V003000Z003010W011040P003040X002050Y055050U000070F013070T024070
#0261,4,T010000I011000N043010P055010L010030F002030Z033030Y031050X004050W022060V035070U010080
#0262,4,P070000L002000W012010X004010T010030U022030N015030Z031050I005050Y010060F032070V034070
#0263,4,U000000X002000V003000W034010L010030T034030I005030F051040Y021060Z003060P040080N022080
#0264,4,I000000Y071000W022000P063000F015020X002030T035040L010050V001060N054060Z021070U012080
#0265,4,L070000U031000P034000X002010F074020I000040Y061040Z031050V003050N074060T021070W022070
#0266,4,N000000T003000F020010L035010Y070020X003020W022040P051050U024050V032060Z033070I010090
#0267,4,T000000W013000Y055000V020010Z003020N073030P000040F032050I005050L070060X002070U023070
#0268,4,P070000Y062000F052010U024010X001020I000040L062040W021050V003050Z003060T021070N022080
#0269,4,L010000N012000U033000X004010V032020F063030I005030Z000050T034050Y070060W033070P024080
#0270,4,I000000L071000Z032000V003000N022020W011040U033040F002050X004050P070070T035070Y022080
#0271,4,P000000W013000Y055000I000020T011020Z003020F042040N053050L054050X001060V023070U010080
#0272,4,F050000I011000X003010U024010T010020Y001040W035040V000050L070060N071060Z015060P024080
#0273,4,N000000V003000P030010Z014010W020030X003030U024030T010050F073060L054060Y021070I010090
#0274,4,I010000F015000U000010X002010T035020N020040V002040P010050Y035050Z022060W023070L020080
#0275,4,L010000P002000N015000Z031010V035020W011030Y022040T035050U000060X002060F074070I010090
#0276,4,U000000X002000V003000W034010I000030T011030L054030Z014040N031060F043060P034070Y022080
#0277,4,I000000L011000N063000Z014010V035010W011040U033040X002050F064050P070070T035070Y022080
#0278,4,I000000L071000Z032000V003000N022020W011040U033040X002050F064050P070070T035070Y022080
#0279,4,V010000X003000L054000N031010U012020W001040T003040F020050I005050Y070060Z022070P054070
#0280,4,N020000L002000W020010F014010I005020Y010030T034030Z021050X003050U012070V035070P040080
#0281,4,I010000F015000U000010X002010T035020L070040Y061040W021050V003050Z003060P040080N022080
#0282,4,I000000V011000Z014000L035000N043020W011040P003040X002050Y055050U000070F013070T024070
#0283,4,I010000T035000P010010N021010Z012030U033030X004040F001050W022050L035060V020070Y001080
#0284,4,T000000N063000Y070010Z014010V035010W011040P003040F072050I005050L034060U000070X002070
#0285,4,L000000P034000T000010I000020N002020F002030Z033030Y031050X004050W022060V035070U010080
#0286,4,N050000L051000U033000X004010V020020F063030I005030P030050Z014050T010070W003070Y043080
#0287,4,Y010000T001000F044000L035010N031020X003020W022040P051050U024050V032060Z033070I010090
#0288,4,N020000L002000F050010W034010I005020Y010030T034030U001050X003050P010070Z014070V035070
#0289,4,I000000V011000N034000L035000Z022010W011040P003040X002050Y055050U000070F013070T024070
#0290,4,I010000T035000V010010P071020W003020X003030Z030040F044050U000060L035060N001070Y042080
#0291,4,I000000Z001000N053000L054000V021010W011040P003040X002050Y055050U000070F013070T024070
#0292,4,F050000I011000X003010U024010T010020Y001040W035040N050050L051050Z015060V020070P024080
#0293,4,N070000P041000V003000Z014010W020030X003030U024030T010050F073060L054060Y021070I010090
#0294,4,P000000U033000X002010F064010W020020T035030I000040Z031050V002050L035060N021070Y021080
#0295,4,N000000P063000Z000010V020020L002020W003030Y043040F050050X003060U024060T010070I011090
#0296,4,N050000T001000L054000P033010I000020F002030Z033030W021050X004050U000070V035070Y061080
#0297,4,N050000T001000P054000L035000I000020F002030Z033030Y031050X004050W022060V035070U010080
#0298,4,P000000U033000X002010F064010W020020T035030I000040N071050V002050Z002060L035060Y021080
#0299,4,L050000F052000V003000I000010T022020X004020W035040N011050Z022050Y035060U003070P021080
#0300,4,I010000W035000Y000010P070020F015020X002030T035040L010050V001060N054060Z021070U012080
#0301,4,I010000T035000V000010P030020W003020X003030Z030040L054050U000060N043060F004070Y042080
#0302,4,N050000P061000L054000T034010I000020F002030Z033030W021050X004050U000070V035070Y061080
#0303,4,I000000N001000L054000V021010Z032010W011040P003040F072050Y055050U000070X002070T024070
#0304,4,N050000T001000F044000L035010Y070020X003020W022040P011050U024050V020060Z033070I010090
#0305,4,I000000W001000T003000P011010Y035010X003030F031040L054050N011060V012060Z003070U011080
#0306,4,L000000P034000U000010X002010F074020I000040Y061040Z031050V003050N074060T021070W022070
#0307,4,L060000P034000X001010W002010T010030U022030N015030Z031050I005050Y010060F032070V034070
#0308,4,F050000Y001000N015000T010020Z002020I005020W011040P032050L034050X001060V035070U010080
#0309,4,I000000Y071000P002000W035000T035020X002030F074040L010050V001060N054060Z021070U012080
#0310,4,N050000P061000L054000T034010I000020F002030Z033030Y031050X004050W022060V035070U010080
#0311,4,P070000U032000Y035000F003010X001020I000040L062040Z031050V003050N074060T021070W022070
#0312,4,N070000F051000L002000W034010I005020Y010030T034030Z021050X003050U012070V035070P040080
#0313,4,T000000N013000Z024000Y070010V035010W011040U033040F002050X004050P070070L045070I011090
#0314,4,N050000L051000V003000P033010I000020Z013030W035030X002050Y055050U000070F013070T024070
#0315,4,P070000L002000W012010X004010T010030U022030N015030F051050I005050Y010060Z013070V034070
#0316,4,V000000U033000L070010N071010X004010F063030I005030P070050T034050W011070Z033070Y022080
#0317,4,T010000I011000P063010N061020Z012030U033030X004040Y051050W022050L035060V020070F052070
#0318,4,T010000I011000P063010N061020Z012030U033030X004040F001050W022050L035060V020070Y001080
#0319,4,N000000T003000V020010Z031010Y035010U030040W003040F001050X003050L020070P034070I010090
#0320,4,I000000V011000Z014000L035000N043020W011040U033040X002050F064050P070070T035070Y022080
#0321,4,Y010000T001000F044000L035010N031020X003020W022040P011050U024050V020060Z033070I010090
#0322,4,V010000X003000L054000N031010U012020W001040T003040P070050I005050Z032060F031070Y043080
#0323,4,L010000N012000U033000X004010V032020F063030I005030P030050Z014050T010070W003070Y043080
#0324,4,P070000L012000W014000Y055010N011020Z013030V034030T035050U000060X002060F074070I010090
#0325,4,I000000V011000N034000L035000Z022010W011040P003040F072050Y055050U000070X002070T024070
#0326,4,I010000F015000U000010X002010T035020N020040V002040L020050Y035050P010070Z001070W023070
#0327,4,I000000P071000T003000W033010Y035010X003030F031040L054050N011060V012060Z003070U011080
#0328,4,P060000U003000Y055000Z030010N020030W003030I000040T001050X004050L031060F033070V035070
#0329,4,V010000X003000U024000N031010L022020W001040T003040P070050I005050Z032060F031070Y043080
#0330,4,I000000L011000N063000Z014010V035010W011040U033040F002050X004050P070070T035070Y022080
#0331,4,I010000T035000N070010P031010W003020X003030F050040L054050Y010060V012060Z003070U011080
#0332,4,I000000W001000T003000P011010Y035010X003030F031040U024050N011060V012060Z033070L021080
#0333,4,L010000P002000N015000Z031010V035020W011030Y022040F015050U000060X002060T035070I010090
#0334,4,I000000Y001000W035000P071010F015020X002030T035040L010050V001060N054060Z021070U012080
#0335,4,N050000L051000V003000P033010I000020Z013030W035030F072050Y055050U000070X002070T024070
#0336,4,N020000L002000W020010F014010I005020Y010030T034030U001050X003050P010070Z014070V035070
#0337,4,I010000T035000U000010X002010F074020V010040N043040W014050Z001060Y055060P070070L044080
#0338,4,I000000N001000L054000V021010Z032010W011040P003040X002050Y055050U000070F013070T024070
#0339,4,I000000L071000N072000V003000Z003010W011040U033040F002050X004050P070070T035070Y022080
#0340,4,T000000N013000Z024000Y070010V035010W011040P003040F072050I005050L034060U000070X002070
#0341,4,L060000Z014000V035000N011010I011030W011040P003040F072050Y055050U000070X002070T024070
#0342,4,L060000N044000T011010P055010I000020F002030Z033030W021050X004050U000070V035070Y061080
#0343,4,N050000L051000P063000Z033010V020020W003030Y043040T010050X003060U024060F031070I011090
#0344,4,I010000T035000U000010X002010F074020W020040Y061040V013050Z030060N034060L035060P040080
#0345,4,P070000L012000W014000Y055010N011020Z013030V034030F015050U000060X002060T035070I010090
#0346,4,I010000T035000U000010X002010F074020L070040Y061040W021050V003050Z003060P040080N022080
#0347,4,N000000V003000P030010Z014010W020030X003030U024030L070050F051060Y002060T035070I010090
#0348,4,I000000V011000N034000L035000Z022010W011040U033040F002050X004050P070070T035070Y022080
#0349,4,L010000X002000P063000U011020Z024020Y035030V010040N031050W002050F062060T035070I010090
#0350,4,I000000V011000Z014000L035000N043020W011040P003040F072050Y055050U000070X002070T024070
#0351,4,V010000N033000P034000Z021010X004020T000040U013040L070050F062050W034060Y035060I010090
#0352,4,L000000P034000T000010I000020N002020F002030Z033030W021050X004050U000070V035070Y061080
#0353,4,U000000X002000V003000W034010L010030T034030I005030Z031040F021060N074060P070070Y043080
#0354,4,N050000L051000U033000X004010V020020F063030I005030P070050T034050W011070Z033070Y022080
#0355,4,N020000L002000F050010W034010I005020Y010030T034030Z021050X003050U012070V035070P040080
#0356,4,Y010000F021000T003000L035010N031020X003020W022040P011050U024050V020060Z033070I010090
#0357,4,V010000Z013000P034000N042020X004020T000040U013040I000050F062050W034060Y035060L021080
#0358,4,L060000Z014000V035000N011010I011030W011040U033040X002050F064050P070070T035070Y022080
#0359,4,U000000X002000P063000L043020Z024020Y035030V010040N031050W002050F062060T035070I010090
#0360,4,V010000W013000Y055000T021010Z003020N073030P000040F032050I005050L070060X002070U023070
#0361,4,I000000Y071000P002000W035000F015020X002030T035040U000050V001060N054060Z012070L044080
#0362,4,L070000U031000P034000X002010F074020I000040Y061040W021050V003050Z003060T021070N022080
#0363,4,L000000P034000Y010010W001010N054020V021030Z032030F050050X003060U024060T010070I011090
#0364,4,P070000N072000V003000Z003010X001020L020040Y002040W035050U000060F042060T035070I010090
#0365,4,T010000Y001000W035000P051020Z032020I005020F022040L010050N012050X004060V032070U013080
#0366,4,I010000T035000N070010P031010W003020X003030F050040U024050Y010060V012060Z033070L021080
#0367,4,I000000L011000N013000Z024000V035010W011040U033040X002050F064050P070070T035070Y022080
#0368,4,I010000T035000P070010N032010W003020X003030F050040U024050Y010060V012060Z033070L021080
#0369,4,I010000W035000Y000010P070020T035020X002030F074040L010050V001060N054060Z021070U012080
#0370,4,V010000W013000Y055000T021010Z003020N073030P000040X002050I005050L070060F051070U023070
#0371,4,N070000P041000V003000Z014010W020030X003030U024030L070050F051060Y002060T035070I010090
#0372,4,I010000W035000Y000010P070020F015020X002030T035040U000050V001060N054060Z012070L044080
#0373,4,N050000L051000V013000P074010I000020Z013030W035030F072050Y055050U000070X002070T024070
#0374,4,I010000T035000U000010X002010F074020V010040N043040L044050Y035050P010070Z001070W023070
#0375,4,P070000Y062000F052010U024010X001020I000040L062040Z031050V003050N074060T021070W022070
#0376,4,I000000L071000Z032000V003000N022020W011040P003040F072050Y055050U000070X002070T024070
#0377,4,N050000T001000F044000L035010Y070020X003020W022040P051050U024050V032060Z033070I010090
#0378,4,P060000U003000Y055000Z030010N020030W003030I000040F051050V002050L035060T021070X003070
#0379,4,U030000V013000P051010Z024010N072020Y035020W000040I000050X004050F051060T035070L021080
#0380,4,P070000Z032000V003000X001020N022020L020040Y002040W035050U000060F042060T035070I010090
#0381,4,U030000L033000P034000X001010V034020W020030I005030T010050Z023050N074060F031070Y043080
#0382,4,I010000T035000U000010X002010F074020W020040Y061040N053050L054050Z030060V023070P040080
#0383,4,T010000I011000N043010P055010L010030F002030Z033030W021050X004050U000070V035070Y061080
#0384,4,U000000X002000P063000L043020Z024020Y035030V010040F061050W002050N042070T035070I010090
#0385,4,P070000Z032000V003000N001020U000030X002030W035030T035050L010060F032060Y044070I011090
#0386,4,T000000N063000Y070010Z014010V035010W011040P003040X002050I005050L034060U000070F013070
#0387,4,I000000V011000Z014000L035000N043020W011040U033040F002050X004050P070070T035070Y022080
#0388,4,L010000X002000T003000I005010V021020F073020W020040Z002050N054050Y070060U021070P043080
#0389,4,I000000L011000N013000Z024000V035010W011040P003040F072050Y055050U000070X002070T024070
#0390,4,I000000Z001000N053000L054000V021010W011040U033040F002050X004050P070070T035070Y022080
#0391,4,P000000Y013000U024000Z012010W011030N044030I005040X001050T002050L074060V020070F072070
#0392,4,N050000T001000L054000P033010I000020F002030Z033030Y031050X004050W022060V035070U010080
#0393,5,W020000P061000L054000I004010T010020Y033020X001040N035040F050060Z002060V035070U010080
#0394,5,Y000000W034000N035000P070010V011030T035030L070040F062040X004050Z012070U013070I011090
#0395,5,T010000I011000Z023010Y055010W011020L044030N000050P063050F020060V020070X003070U024070
#0396,5,L010000N012000V013000Z024010T022020I005020W020040F014040Y010060X004060P052070U013080
#0397,5,U030000V003000X001010Z003010F003020I000030L071040T012040Y035040W023060P040080N022080
#0398,5,L060000N044000Z031010I005010T010020Y034020W011040P022050F044060U000070X002070V035070
#0399,5,L010000F032000V003000Z014010X001030T003030W033040N035040I000050Y033060U001070P055070
#0400,5,L000000P034000I000010Z001010V021020W003020X004040N011050Y012050F015060T021070U013080
#0401,5,V010000W013000Y055000T021010P073020N050040F021040Z024040I005050L070060X002070U023070
#0402,5,F050000I011000X003010U024010Z030020N020040T003040L020050Y035050V010070W023070P041080
#0403,5,F020000T002000N015000L070010X002020Y035020W023040V010050U031060Z012070P024070I011090
#0404,5,L010000F072000V003000Y074010W001020X001030N035040U010050Z023050P040070T035070I010090
#0405,5,N070000L061000W035000U002010P055020T010030X003040F071050I005050Y054060V020070Z031070
#0406,5,F050000I011000X003010U024010N070020Z001030T003040L020050Y035050V010070W023070P041080
#0407,5,L010000X002000T003000I005010U011020W034030V010040Z031050N054050P000070F004070Y042080
#0408,5,L010000F072000V003000T024010N031020Y072020W014040X001050P055050U010070Z033070I010090
#0409,5,W020000P061000L054000I004010T010020Y033020F031040N035040X001060Z002060V035070U010080
#0410,5,U030000V003000Y051010W013010X004020I000030F022040N035040Z001050T021060P055070L043080
#0411,5,I010000N015000Y060010T010020Z002020L035020W001040P040050F044060U000070X002070V035070
#0412,5,I010000Z015000V010010N021020L054020X001030W033040T024040Y070050F022070U024070P021080
#0413,5,L070000V011000N044000Z015010Y032020W014030P010040I005040F014050U000070X002070T024070
#0414,5,I010000T035000U030010F031020Z023020P034030Y051040N002050L070060W002060X002070V035070
#0415,5,L010000X002000V003000W034010Y031020N044030I005040Z030050P062050U000070F013070T024070
#0416,5,I000000L011000U033000Y072010F074010X004030N011040W012050T035050Z012070V033070P014070
#0417,5,I000000Y071000Z032000V003000F033020T035030X001040W013050P010060L054060U023070N042080
#0418,5,N050000F021000P063000V020020X003020U024020I010050T035050Y010060Z001060W003070L021080
#0419,5,N050000F021000P063000V020020X003020U024020T010050I011050Z023060Y055060W011070L044080
#0420,5,I000000L061000T035000P052010W003020Z013030X004040N050050Y012050F015060V020070U013080
#0421,5,N000000V003000P040010Y074010W033020L010030Z013040I005040F014050U000070X002070T024070
#0422,5,U000000X002000V003000N074010F003020P040030T010050I011050Z023060Y055060W011070L044080
#0423,5,L010000Y022000V003000W001020F023020X001030N035040U010050Z023050P040070T035070I010090
#0424,5,I000000L071000V012000T035000W003020X003030P011040N070050F044050Y035060Z002070U010080
#0425,5,F050000I011000W033010Z024010Y070020V035020P052040U033050T010060X004060N061080L045080
#0426,5,P070000Z022000W014000I005010T034020F020030V020040X003040N034060L035060Y060070U010080
#0427,5,T010000L001000I005000F073010X001020W023030P010040N052040Y032060Z024060U000070V035070
#0428,5,I010000T035000U030010Z031020W003020F050030Y014040N050050P072050L035060V020070X003070
#0429,5,I000000L001000Y035000V001010P071020X004030Z012040F013050W035050U000070T035070N021080
#0430,5,F050000Y001000W035000U010020T035020L070040P001040X004040N001060V035060Z012070I011090
#0431,5,T000000V013000N070010L072010Z024010I005020F050040W034040Y010060X004060P052070U013080
#0432,5,I010000Y055000L010010W002010F021020T021030V003040N043050Z030060X004060P040080U013080
#0433,5,I000000L061000Y055000W002010F021020T021030V003040N043050Z030060X004060P040080U013080
#0434,5,P010000W001000T003000I005010Z032020F020030N070040X003040U012060L035060V020070Y001080
#0435,5,L070000U031000P074000X002010Y035020Z023030V010040N031050F074050T022060W003070I010090
#0436,5,I000000Y071000L002000T002010P074020W022030F031040N035040X001060Z002060V035070U010080
#0437,5,F020000T002000Y055000I000010U012020N071030W002040L054040Z000060X003060V020070P024080
#0438,5,I010000T035000U000010F072010N054020X002030W020040Y074040L073050Z030060V035070P040080
#0439,5,V010000T003000Z021010F003010I005010X002030P010040W034040N034060L035060Y060070U010080
#0440,5,I010000Y055000L070010V011010P002020X004030Z012040F013050W035050U000070T035070N021080
#0441,5,V010000T033000P074000N021020Y035020F020030I000040W033040X004050Z021070U013070L022080
#0442,5,L000000P034000I000010Z001010V021020W003020F074040N011050Y012050X004060T021070U013080
#0443,5,T000000W013000Y055000V020010Z003020F013030I000040P011050U033050X004060N061080L045080
#0444,5,Y070000P001000W034000N035000V011030T035030L070040F062040X004050Z012070U013070I011090
#0445,5,Y060000P034000U010010W023010T000030X003030L070040N015040F072050V035060Z012070I011090
#0446,5,Y010000T001000F044000I005010U011020N034030L060040W011050X002060Z024060V035070P040080
#0447,5,I000000Y071000F052000V003000Z014020T035030N011040X002050W003050U011070P014070L020080
#0448,5,N000000P063000F020010V020020X003020U024020W020050L001050Y035050Z002060T010070I011090
#0449,5,W020000Y061000Z015000P010020L054020U032030F013040I000050X004050T011060V035070N062080
#0450,5,I000000V011000Z014000Y035000N053020W001030X001040L035040F050060T002060U010080P024080
#0451,5,I010000T035000U030010Z031020W003020F050030X004040N050050Y012050L035060V020070P073070
#0452,5,P040000L002000N043010T010020W034020I005020X001040Y054040F050060Z002060V035070U010080
#0453,5,P040000L002000N043010T010020W034020I005020F031040Y054040X001060Z002060V035070U010080
#0454,5,I000000L001000Y035000V001010P071020X004030F072040Z030050W035050U000070T035070N021080
#0455,5,L010000F032000V003000Z014010X001030U033030P054040I000050N012050Y035050T022070W023070
#0456,5,Y070000U031000Z024000V022010L035010X001030F053040W020050N052050P055060T010070I011090
#0457,5,V010000W013000Y055000T021010Z003020F013030I000040P011050U033050X004060N061080L045080
#0458,5,I000000L071000V012000T035000W003020X003030F031040N044050Z031060Y055060P010070U012080
#0459,5,U000000X002000V003000N074010F003020P040030I010050T035050Y010060Z001060W003070L021080
#0460,5,I010000Y055000L070010V011010P002020X004030F072040Z030050W035050U000070T035070N021080
#0461,5,V010000T033000P034000Y051020W022020N054020L070040F062040X004050Z012070U013070I011090
#0462,5,Y010000W001000V003000T024010Z021020F052030N015040I000050P041050L035060U001070X003070
#0463,5,T000000F043000Y055000I000010U012020N071030W002040L054040Z000060X003060V020070P024080
#0464,5,L010000F032000V003000Z014010X001030U033030T034040Y070050I005050N001060W032070P023080
#0465,5,F050000I011000X003010U024010N070020Z001030V003040Y070050L044050W032070T023070P034070
#0466,5,U030000V003000F031010Z023010N054020X001030W033040T024040L070050I011070Y042080P063080
#0467,5,I010000Y055000L060010F031020T002020N054030P021040W013050Z000060X004060V020070U013080
#0468,5,U030000V003000X001010Z003010F003020T010030Y055040N001050P060060L020070W003070I010090
#0469,5,I010000T035000L010010F032010X004020W032030U013040Y042050N044060V020070Z031070P055070
#0470,5,I000000L011000U033000Y072010X004010F015030Z031040T010050W035050N021070V035070P040080
#0471,5,T000000X003000U024000I000010P052020V003030N043040F074050Y010060Z001060W003070L021080
#0472,5,P070000Z032000V003000F031020W002020I005030U001040X003040Y070050T034060N061080L045080
#0473,5,V010000T033000P034000Y051020W022020N054020I000040F062040X004050Z021070U013070L022080
#0474,5,I010000T035000U000010X002010N054020F013030W020040Y074040L073050Z030060V035070P040080
#0475,5,I010000T035000U000010F072010N054020X002030Y010040W034040Z031060L054060V034070P000080
#0476,5,I000000P061000L054000T011010Y034010W022030X001040N035040F050060Z002060V035070U010080
#0477,5,U000000Y022000V003000W012020X004020L070030F022040N035040Z001050P040070T035070I010090
#0478,5,T000000X003000U024000I000010N012020V003030P002040F074050Y010060Z001060W003070L021080
#0479,5,P070000Z032000V003000F031020W002020I005030X001040U022040Y034050T010060N061080L045080
#0480,5,L010000Z032000V003000F051010X001030U033030T034040Y070050I005050N001060W032070P023080
#0481,5,U000000X002000V003000F004010P040030N022030I010050T035050Y010060Z001060W003070L021080
#0482,5,L010000F032000V003000Z014010X001030T003030N073040I005040U010050P000070W023070Y042080
#0483,5,P070000Z032000V003000U001020X003020N070030I005030T034040Y010060W002060F032070L045080
#0484,5,I010000T035000L010010P052010W003020Z013030F074040N050050Y012050X004060V020070U013080
#0485,5,F050000I011000X003010U024010T010020W011040V003040P072050Y074050N011060Z013070L045080
#0486,5,I000000V011000Z014000Y035000N053020W001030F031040L035040X001060T002060U010080P024080
#0487,5,L060000N044000Z031010I005010T010020Y034020W001040P040050F044060U000070X002070V035070
#0488,5,I000000V011000T034000L035000W012020X003030Y055040U000050F002050Z003060P040080N022080
#0489,5,Y070000W021000P062000N035000V011030T035030L070040F062040X004050Z012070U013070I011090
#0490,5,U030000V003000X001010Z023010N054020F050030W033040T024040L070050I011070Y042080P063080
#0491,5,N050000L051000V003000Z003010I000020T023020W021040F015040X001060Y055060P013070U010080
#0492,5,L010000Z032000V003000F051010X001030T003030N073040I005040U010050P000070W023070Y042080
#0493,5,P070000Z022000W014000I005010T034020F020030N070040X003040U012060L035060V020070Y001080
#0494,5,N070000P001000W014000L035010U012020T010030X003040F071050I005050Y054060V020070Z031070
#0495,5,P000000W013000Y055000L010020Z003020U031030F052040X001050I005050T034060V020070N001080
#0496,5,L010000N062000T035000W001020F023020X001030I005040U010050P033050V010070Z013070Y044080
#0497,5,T000000F043000Y055000L070010X002020N074020W023040V010050U031060Z012070P024070I011090
#0498,5,L010000Z032000V003000F051010X001030U033030P054040I000050N012050Y035050T022070W023070
#0499,5,I010000W035000L060010Z001020T035020P030030X004040N050050Y012050F015060V020070U013080
#0500,5,P070000V012000T035000X001020W003020F073030Y010040U022050I005050Z021060L034060N042080
#0501,5,T000000W013000Y055000V020010Z003020F013030N050040P023050I005050L070060X002070U023070
#0502,5,U030000V003000X001010Z023010F064020I000030L071040T012040Y035040W023060P040080N022080
#0503,5,F050000I011000W033010Z024010V020020Y035020P013040U030050X001060T035060L020080N002080
#0504,5,L070000P011000Y062000W034010N035010V010040F073040I005040Z031050U000070X002070T024070
#0505,5,Y070000L061000Z015000V022010U024020X001030F053040W020050N052050P055060T010070I011090
#0506,5,L010000X002000T003000N035010U011020P040040F022040I005040V010060W034060Z021070Y044080
#0507,5,L010000X002000T003000I005010V021020F073020Z030040W003050U000060Y043060N042080P024080
#0508,5,T000000V003000I000010Z022010F004010X003030N051040W035040L010060Y035060P011070U003070
#0509,5,T010000Y001000W035000P051020Z032020I005020N012040F063040L070050X004060V032070U013080
#0510,5,I000000L061000Y055000W002010F021020T021030N033040P034040Z000060X004060V020070U013080
#0511,5,Y060000P034000U010010W023010T000030X003030I000040N015040F072050V035060Z021070L022080
#0512,5,T000000X003000U024000N070010L022020I000040F042040P024040W021060V003060Z003070Y021080
#0513,5,I010000T035000U030010F031020W003020Z013030X004040N050050Y012050L035060V020070P073070
#0514,5,P000000V003000N042010Y074010W033020L010030F073040I005040Z031050U000070X002070T024070
#0515,5,N050000F021000P063000V020020X003020U024020Y070050L061050W035050Z022060T035070I010090
#0516,5,I000000L011000U033000Y072010X004010F015030N011040W012050T035050Z012070V033070P014070
#0517,5,I000000L011000U033000Y072010F074010X004030Z031040T010050W035050N021070V035070P040080
#0518,5,F020000Y062000I000010Z024010W012020V035020P052040U033050T010060X004060N061080L045080
#0519,5,I010000T035000Y010010Z001010W003020L021030N050050F021050P063050V020070X003070U024070
#0520,5,F050000I011000W033010Z024010V020020Y035020X003040P030050U012060L035060T010070N043080
#0521,5,F020000T002000Y055000L070010X002020N074020W023040V010050U031060Z012070P024070I011090
#0522,5,I000000Y071000L002000T002010P074020W022030X001040N035040F050060Z002060V035070U010080
#0523,5,U000000Y022000V003000W012020X004020I000030F022040N035040Z001050T021060P055070L043080
#0524,5,L010000Z032000V003000Y011010N013020W014030I000040P055040F051050T021070X003070U024070
#0525,5,N050000W001000T003000I005010V020020Z032020P013040U030050X001060Y055060F073070L020080
#0526,5,I000000U031000P034000F032010Z014020T035030Y021040X004050L070060N071060W022060V035070
#0527,5,L010000T002000N015000Z001010V021020I005020W020040F014040Y010060X004060P052070U013080
#0528,5,T000000N013000Z024000I000010Y035010L031030W023030P012040F044060U000070X002070V035070
#0529,5,T000000F033000U024000I000010Y023020N071030W002040L054040Z000060X003060V020070P024080
#0530,5,L060000N044000Y011010T035010I000020U002030F074030W021050X004050V020070Z031070P055070
#0531,5,U030000V003000Y051010W013010X004020L070030F022040N035040Z001050P040070T035070I010090
#0532,5,P030000L062000N063010T010020W034020I005020F031040Y054040X001060Z002060V035070U010080
#0533,5,P070000Z032000V003000W011020F073020I005030U001040X003040Y070050T034060N061080L045080
#0534,5,U000000X002000V003000F004010P040030N022030T010050I011050Z023060Y055060W011070L044080
#0535,5,I010000T035000U000010X002010W034020Y055030P040040F043050L010060N054060V021070Z032070
#0536,5,Y060000W014000U010010P055010T000030X003030I000040N015040F072050V035060Z021070L022080
#0537,5,T010000V001000P074000N021020Y035020F020030I000040W033040X004050Z021070U013070L022080
#0538,5,I000000T011000V002000L035000W012020Z033030F062040U000050N054050X003060P000080Y044080
#0539,5,N070000P001000W014000L035010U012020T010030Z013040F044050Y070060X002060V035060I011090
#0540,5,L010000F072000V003000T024010N031020Y072020P034040X001050W023050U010070Z033070I010090
#0541,5,W020000Y061000Z015000P010020T034020I005020N012040F063040L070050X004060V032070U013080
#0542,5,L010000N012000V003000W013010X004020Y060040I005040Z030050P062050U000070F013070T024070
#0543,5,I010000N015000Y060010T010020Z002020L035020W011040P022050F044060U000070X002070V035070
#0544,5,I000000V011000N044000T035010X002020F034030W021040Y010050P074050Z021070U013070L022080
#0545,5,U030000V003000X001010Z003010F003020I000030L011040T035040N072050W003060P000080Y044080
#0546,5,T000000F033000U024000I000010Y023020N071030L002040W003050Z000060X003060V020070P024080
#0547,5,T000000X003000U024000I000010L022020W021030V003040N011050Z014050F061070P063070Y023080
#0548,5,I010000W035000U000010F042010T035020V010040N033040Y014040Z021050L035060X003070P040080
#0549,5,P070000V012000T035000X001020W003020F073030Z030040N053050I005050L010060U031070Y022080
#0550,5,T000000V003000I000010F062010Z003010X003030N051040W035040L010060Y035060P011070U003070
#0551,5,V010000T003000U031010I005010X002020Y010030P054030N031050Z032050L035060W032070F063070
#0552,5,I000000Y071000F052000V003000Z014020T035030X001040W013050P010060L054060U023070N042080
#0553,5,L070000Y001000W035000P031010N015020Z013030I000040V035040F042050T021070X003070U024070
#0554,5,N000000T003000F020010L035010Y070020X003020W032040V003050U032060P040070Z033070I010090
#0555,5,I010000Y035000L070010V021010P002010X004030F072040Z030050W035050U000070T035070N021080
#0556,5,W020000P061000Z024000V035010Y010020F002030U023040L035040X001050T010070N022070I011090
#0557,5,I000000L011000U033000Y072010F074010X004030P051040Z022050T035050V020070W003070N001080
#0558,5,Y070000W021000P062000N035000V011030T035030I000040F062040X004050Z021070U013070L022080
#0559,5,N000000T003000Z000010I005010V020020W002020P013040U030050X001060Y055060F073070L020080
#0560,5,N000000V003000P040010Y074010W033020L010030F073040I005040Z031050U000070X002070T024070
#0561,5,I010000T035000U000010X002010N054020F013030Y010040W034040Z031060L054060V034070P000080
#0562,5,U030000V003000X001010Z023010F064020I000030L011040T035040N072050W003060P000080Y044080
#0563,5,L010000F072000T003000N035010W001020X001030Z015040U010050P034060V010070Y043070I011090
#0564,5,Y070000P001000W034000N035000V011030T035030I000040F062040X004050Z021070U013070L022080
#0565,5,L010000Z032000V003000F051010X001030T003030W033040N035040I000050Y033060U001070P055070
#0566,5,T000000V013000N070010L072010Z024010I005020W020040F014040Y010060X004060P052070U013080
#0567,5,P000000W013000Y055000L010020Z003020U031030X002040F044050N020060V035060T010070I011090
#0568,5,L010000F072000T003000V035010N031020Y072020W014040X001050P055050U010070Z033070I010090
#0569,5,V010000T003000F061010Z002010I005010X002030Y010040W034040L021060U024060P040080N022080
#0570,5,I000000Y071000Z032000V003000F033020T035030N011040X002050W003050U011070P014070L020080
#0571,5,I010000Y055000L010010W002010F021020T021030N033040P034040Z000060X004060V020070U013080
#0572,5,F050000V001000P074000N050020T012020Y035020I000040W033040X004050Z021070U013070L022080
#0573,5,W020000Y061000Z015000P010020L054020U032030X003040F020050V020060N044060T035070I010090
#0574,5,P000000V003000U032010Z000020X003020N070030I005030T034040Y010060W002060F032070L045080
#0575,5,P000000W033000Z024000V035010Y010020F002030T003040X001050I005050N053060U010070L043080
#0576,5,I000000N021000V003000T011010F074020X002030P014040L010050Z013050W032070U033070Y044080
#0577,5,L010000Z032000V003000Y011010N013020W014030P010040I005040F014050U000070X002070T024070
#0578,5,I010000T035000U000010X002010F074020V010040W003040Y031050P032050N054060Z032070L020080
#0579,5,N000000P063000F020010V020020X003020U024020Y070050L061050W035050Z022060T035070I010090
#0580,5,T010000I011000F073010L054010X001020W023030P010040N052040Y032060Z024060U000070V035070
#0581,5,L010000N062000T035000W001020F023020X001030Z015040U010050P034060V010070Y043070I011090
#0582,5,L050000F052000V003000I000010T022020X004020Z015040W011050Y022060U024060P040080N022080
#0583,5,I010000Y035000L070010V021010P002010X004030Z012040F013050W035050U000070T035070N021080
#0584,5,T010000V001000P034000Y051020W022020N054020L070040F062040X004050Z012070U013070I011090
#0585,5,N000000P063000F020010V020020X003020U024020I010050T035050Y010060Z001060W003070L021080
#0586,5,N050000L051000V003000Z003010I000020T023020F051040W035040X001060Y055060P013070U010080
#0587,5,I000000N021000V003000Z031010Y014020W001030F031040L035040X001060T002060U010080P024080
#0588,5,I010000T035000Y010010Z001010W003020L021030N000050P063050F020060V020070X003070U024070
#0589,5,Y060000W014000U010010P055010T000030X003030L070040N015040F072050V035060Z012070I011090
#0590,5,I000000L071000T012000V003000W003020X003030F031040N044050Z031060Y055060P010070U012080
#0591,5,F050000V001000P074000N050020T012020Y035020L070040W033040X004050Z012070U013070I011090
#0592,5,I000000L071000T012000V003000W003020X003030P011040N070050F044050Y035060Z002070U010080
#0593,5,T010000V001000P074000N021020Y035020F020030L070040W033040X004050Z012070U013070I011090
#0594,5,T010000I011000Z023010Y055010W011020L044030N050050F021050P063050V020070X003070U024070
#0595,5,P000000W033000L054000I004010T010020Y033020X001040N035040F050060Z002060V035070U010080
#0596,5,I000000N021000V003000T011010F074020X002030W034040P030050Y055050U010070Z003070L043080
#0597,5,P070000Z032000V003000W011020F073020I005030X001040U022040Y034050T010060N061080L045080
#0598,5,L070000U031000P074000X002010Y035020Z023030T000040I000050F064050W012060V035070N062080
#0599,5,N050000F021000P063000V020020X003020U024020W020050L001050Y035050Z002060T010070I011090
#0600,5,P000000W033000Z024000V035010Y010020F002030U023040L035040X001050T010070N022070I011090
#0601,5,N070000L061000W035000U002010P055020T010030Z013040F044050Y070060X002060V035060I011090
#0602,5,L000000P074000U000010X002010Y035020Z023030T000040I000050F064050W012060V035070N062080
#0603,5,P070000Z022000W014000I005010V034020L060030X001040Y053050N054050F050060T024070U010080
#0604,5,I000000V011000N044000T035010X002020F034030P051040Z032050L054050U030070W023070Y021080
#0605,5,L010000X002000V003000F004010T011020I000040N062040P055040Z013050W032070U033070Y044080
#0606,5,I010000T035000U000010F002010W003020V010040N033040Y014040Z021050L035060X003070P040080
#0607,5,W020000P061000Z024000V035010Y010020F002030T003040X001050I005050N053060U010070L043080
#0608,5,L070000V011000N044000Z015010Y032020W014030I000040P055040F051050T021070X003070U024070
#0609,5,L010000T002000N015000Z001010V021020I005020F050040W034040Y010060X004060P052070U013080
#0610,5,P070000T012000V003000X001020W003020F073030Y010040U022050I005050Z021060L034060N042080
#0611,5,U030000V003000X001010Z003010F003020T010030W035040N061050Y042060P055060L060080I011090
#0612,5,N000000P063000F020010V020020X003020U024020T010050I011050Z023060Y055060W011070L044080
#0613,5,I000000P061000L054000T011010Y034010W022030F031040N035040X001060Z002060V035070U010080
#0614,5,T010000V001000P034000Y051020W022020N054020I000040F062040X004050Z021070U013070L022080
#0615,5,I010000Y055000L070010V021010P042010X004030F072040Z030050W035050U000070T035070N021080
#0616,5,I010000T035000U030010F031020W003020Z013030Y014040N050050P072050L035060V020070X003070
#0617,5,L010000F042000W014000Y055010Z031020N074030I000040P071040X003050T021070U012070V035070
#0618,5,P010000W001000T003000I005010Z032020F020030V020040X003040N034060L035060Y060070U010080
#0619,5,F050000I011000W033010Z024010Y070020V035020X002040P074050L070060U011060T035070N021080
#0620,5,L010000F072000T003000V035010N031020Y072020P034040X001050W023050U010070Z033070I010090
#0621,5,L010000Y062000P071010W034010N035010V010040F073040I005040Z031050U000070X002070T024070
#0622,5,I010000T035000U000010F002010W003020V010040Z013040Y014040N042060L035060X003070P040080
#0623,5,U030000V003000X001010Z023010F064020T010030Y055040N001050P060060L020070W003070I010090
#0624,5,I010000Y055000L070010V021010P042010X004030Z012040F013050W035050U000070T035070N021080
#0625,5,U030000V003000X001010Z023010F064020T010030W035040N061050Y042060P055060L060080I011090
#0626,5,I000000V011000T034000L035000W012020Z033030F012040P043050Y070060X002060U024070N043080
#0627,5,L000000Z024000V010010I005010N021020X001030W033040T024040Y070050F022070U024070P021080
#0628,5,I000000T011000V002000L035000W012020X003030Y055040U000050F002050Z003060P040080N022080
#0629,5,P070000T012000V003000X001020W003020F073030Z030040N053050I005050L010060U031070Y022080
#0630,5,F050000Y001000W035000U010020T035020I000040P001040X004040N001060V035060Z021070L022080
#0631,5,V010000T033000P074000N021020Y035020F020030L070040W033040X004050Z012070U013070I011090
#0632,5,I010000T035000L010010P052010W003020Z013030X004040N050050Y012050F015060V020070U013080
#0633,5,V010000T003000F061010Z002010I005010X002030P010040W034040N034060L035060Y060070U010080
#0634,5,L000000P074000U000010X002010Y035020Z023030V010040N031050F074050T022060W003070I010090
#0635,5,L010000X002000T003000Y035010N031020F003020W032040V003050U032060P040070Z033070I010090
#0636,5,I000000U031000P034000Z032010F051020T035030Y051040N002050L070060W002060X002070V035070
#0637,5,F020000Y062000I000010Z024010W012020V035020X002040P074050L070060U011060T035070N021080
#0638,5,L070000Y001000W035000P031010N015020Z013030V020040I005040F022050U000070X002070T024070
#0639,5,I000000T011000V002000L035000W012020Z033030F012040P043050Y070060X002060U024070N043080
#0640,5,P000000W013000Y055000I000020T011020Z003020F002040N053040L035050X001060V023070U010080
#0641,5,L060000W014000Z001010I005010P070020V034020F031040Y053050N054050X001060T024070U010080
#0642,5,P030000L062000N063010T010020W034020I005020X001040Y054040F050060Z002060V035070U010080
#0643,5,I000000U031000P034000Z032010F051020T035030Y021040X004050L070060N071060W022060V035070
#0644,5,L070000P011000Y062000W034010N035010V010040Z013040I005040F014050U000070X002070T024070
#0645,5,T000000W013000Y055000V020010P073020N050040F021040Z024040I005050L070060X002070U023070
#0646,5,I010000W035000U000010F042010T035020V010040Z013040Y014040N042060L035060X003070P040080
#0647,5,P000000V003000N042010Y074010W033020L010030Z013040I005040F014050U000070X002070T024070
#0648,5,I000000U031000P034000F032010Z014020T035030Y051040N002050L070060W002060X002070V035070
#0649,5,I000000L061000T035000F032010X004020W032030U013040Y042050N044060V020070Z031070P055070
#0650,5,L010000N012000V013000Z024010T022020I005020F050040W034040Y010060X004060P052070U013080
#0651,5,L060000W014000Z001010I005010P070020V034020X001040Y053050N054050F050060T024070U010080
#0652,5,P070000Z022000W014000I005010V034020L060030F031040Y053050N054050X001060T024070U010080
#0653,5,I000000V011000T034000L035000W012020Z033030F062040U000050N054050X003060P000080Y044080
#0654,5,V010000T003000Z021010F003010I005010X002030Y010040W034040L021060U024060P040080N022080
#0655,5,Y000000W034000N035000P070010V011030T035030I000040F062040X004050Z021070U013070L022080
#0656,5,N050000F021000T003000L035010Y070020X003020W032040V003050U032060P040070Z033070I010090
#0657,5,I000000N021000V003000Z031010Y014020W001030X001040L035040F050060T002060U010080P024080
#0658,5,I010000W035000L060010Z001020T035020P030030F074040N050050Y012050X004060V020070U013080
#0659,5,T000000N063000I000010Z014010Y035010L031030W023030P012040F044060U000070X002070V035070
#0660,5,I000000L011000U033000Y072010X004010F015030P051040Z022050T035050V020070W003070N001080
#0661,5,I000000L061000T035000P052010W003020Z013030F074040N050050Y012050X004060V020070U013080
#0662,5,P000000W033000L054000I004010T010020Y033020F031040N035040X001060Z002060V035070U010080
#0663,5,L010000Y062000P071010W034010N035010V010040Z013040I005040F014050U000070X002070T024070
#0664,5,T000000F043000Y055000I000010U012020N071030L002040W003050Z000060X003060V020070P024080
#0665,5,L010000F072000T003000N035010W001020X001030I005040U010050P033050V010070Z013070Y044080
#0666,6,W020000Y061000Z015000T010020P024020N061040F044040X002050I005050L070060U011070V034070
#0667,6,L060000T034000I005000F031010Y043020V010040W003040Z021050N013050X004060P040080U013080
#0668,6,L060000P074000N061010Z002020Y055020V010030W001040X001050F064050U010070T035070I010090
#0669,6,L000000Z024000U030010Y035010N011020P022030X004040F001050W022050V035060T010070I011090
#0670,6,V010000N053000L054000W001010X001020U010040T003040F003050I005050P070060Z032070Y021080
#0671,6,U000000X002000V003000W034010N020030L014030F050040I005040Y053050Z030060T024070P040080
#0672,6,I010000T035000Y010010N021010U001030F073030L054030W020050X003050P010070Z014070V035070
#0673,6,P070000Z032000V003000X001020N022020Y010040T022040U033040F064050W011070L045070I011090
#0674,6,T000000N013000Z024000I000010Y035010P011030W023030L043050F044060U000070X002070V035070
#0675,6,T010000L001000Y035000Z013010I000030F042030X004030U011050W035050N021070V035070P040080
#0676,6,U000000X002000V003000W034010N070030F051030L014030I005040Y053050Z030060T024070P040080
#0677,6,I010000T035000U030010Y021020W003020N050040Z001040P043040L070060F044060X002070V035070
#0678,6,I010000P055000V010010N073010Z021020F062030L035030Y010050W013050T021070X003070U024070
#0679,6,F050000I011000X003010U024010T010020V021040L002040Y070050N002050W032070Z023070P055070
#0680,6,N000000T003000L010010Y035010U031020F032030X004040P010050W022050V035060Z012070I011090
#0681,6,I010000T035000P010010N021010F012030U033030X004040Y010050W022050V035060Z021070L022080
#0682,6,I010000T035000U000010F002010W003020P040040N002040X003050L010060Y055060V021070Z032070
#0683,6,Y060000F014000I005000T010010L044020V010040W003040Z021050N013050X004060P040080U013080
#0684,6,L010000X002000V003000F004010P011020T023030W020040U024040Y070060Z033060N021070I011090
#0685,6,N000000T003000L010010Y035010U031020Z032030F031040X003050I005050W021060P010070V034070
#0686,6,P000000W033000Z024000V035010F050020T010040Y002040X003050I005050N011060U012070L021080
#0687,6,I000000U031000P034000X002010F074020V021030N002040T010050Z023060Y055060W011070L044080
#0688,6,I010000Z015000P070010V022010U024020F031030X003040N051050W035050Y010060T035070L021080
#0689,6,V010000T033000P034000W011020F074020Z032030X001040N073050Y055050U010060L060080I011090
#0690,6,U000000X002000V003000F004010N050030P061030T034040L035040I000050W012060Z033070Y022080
#0691,6,V010000F063000U024000Z021010Y062030P000040N034040I005040W012050L070060X002070T024070
#0692,6,L010000X002000P063000Y031020N063020F044030W022040I005040Z030050V020070U011070T024070
#0693,6,L060000T034000I005000F031010Y043020N000040W003040P030050Z022060X004060V020070U013080
#0694,6,I010000T035000U000010X002010F074020P060040W003040N070050Y043050Z032070V003070L020080
#0695,6,I000000T011000L002000X004010F072020W035030P021040Z015050V010060N021070U024070Y021080
#0696,6,L070000U001000T003000Z002010I005010F052030W000040Y010050X004050N001070V035070P021080
#0697,6,I010000T035000U000010X002010F074020V020040L001040N001050Y035050P010070Z001070W023070
#0698,6,L060000Z014000Y035000P051010W033020F074030N050040U002050X004050V020060T035070I010090
#0699,6,L010000X002000T003000N035010U011020I000040V011040F015040W022050Y035060Z021070P042080
#0700,6,P030000L062000X003010U024010Z030020I000040T011040V003040N074050F042060W023070Y021080
#0701,6,Y060000N044000I000010T035010Z001020L031030W003030P002050F044060U000070X002070V035070
#0702,6,L060000P074000N061010Z002020Y055020U030030X001040W033050F064050V020060T035070I010090
#0703,6,Y010000W001000V003000T024010P031020F020040Z023040N015040I000050L035060U001070X003070
#0704,6,U000000X002000V003000F004010I000030P011030N022030W013050Y055050T021060Z003070L043080
#0705,6,L060000N044000X001010T035010I000030U002030F074030V021040P014050W011070Z033070Y022080
#0706,6,I000000P061000V034000L035000Y071010Z033030X002040W020050F034050T010070U024070N043080
#0707,6,I000000T011000L002000F064010W012020Z015030Y052040N050050P024050V020070X003070U024070
#0708,6,N000000T003000P040010I005010F073020L010030Z001040W023040Y071050V020070X003070U024070
#0709,6,F050000I011000X003010U024010T010020L061040V035040Y070050N062050W032070Z023070P055070
#0710,6,F050000I011000X003010U024010P010020T012030Z015040Y070050W021050L054060V034070N061080
#0711,6,I010000T035000U000010X002010F074020Y000040W034040L010050N015050Z031060V035070P021080
#0712,6,N000000V003000Y070010W021010F004010P021040T003040Z013050I005050L070060X002070U023070
#0713,6,T000000W013000Y055000I000010N043020F074030P041040X004050V010060Z021070U013070L022080
#0714,6,U000000Y022000V003000Z012020W003020F073030X001040N053050I005050L070060P052060T023070
#0715,6,P070000L002000W012010Y054010I005020F050030Z002030N050050T012050V020070X003070U024070
#0716,6,V010000P063000Z021010F033010T035020Y000040X004040I000050N071050W002060L035060U011080
#0717,6,V010000F043000Y055000W021010N074020P040030Z013040I000050T034050L035060U001070X003070
#0718,6,I000000P071000U033000X004010F032020V035030N062040T010050Z023060Y055060W011070L044080
#0719,6,V010000W013000Y055000T021010P073020N000040Z024040F020050I005050L070060X002070U023070
#0720,6,I010000T035000N000010P040020F074020U030040W003040Y071050X003050L070060Z014070V035070
#0721,6,I010000T035000U000010F072010P014020Z012030Y023040X001050W033060N034060L035060V020070
#0722,6,F050000I011000X003010U024010T010020P051040L062040W033050Z024050Y035060V020070N001080
#0723,6,T010000L001000I005000F073010Y021020N000040W003040P030050Z022060X004060V020070U013080
#0724,6,T010000V001000P034000W011020F074020X002030Y054040I000050Z031050L035050U001070N022080
#0725,6,P070000Z032000V003000W011020F073020L035030U001040X003040Y070050N062070T035070I010090
#0726,6,L060000N044000Y011010F015010I000020Z022030T035030W003050U001060X003060V020070P024080
#0727,6,P030000U032000L035000X003010Z030020Y070040F051040V003040N074050T023060W011070I011090
#0728,6,W000000T002000Y055000P010010F014020V010040N044040Z031050I005050L034060U000070X002070
#0729,6,T010000I011000U033010W011020Y044020P051040F052040V003040Z012060X004060N061080L045080
#0730,6,V010000P063000U031010X002020Z024020L070030Y035030F051040W003060T010070N001070I011090
#0731,6,L070000U031000P034000X002010F074020N020040V002040W020050Y035050Z002060T010070I011090
#0732,6,P000000U033000F002010X004010W020020Y035030I000040Z023040L011050T034060V035070N042080
#0733,6,N020000L002000T010010W034010I005020F031030Y054030X001050U022050P010070Z014070V035070
#0734,6,U000000X002000V003000F004010W000030N022030Y010040T023050P034050Z021060L002080I010090
#0735,6,L010000Y062000N021010U024010F061020X003030P055040Z000050W022050V020060T035070I010090
#0736,6,L000000Z024000I000010P071010Y035010F042030W003040N011050X003050T021070U012070V035070
#0737,6,L060000N044000X001010F015010T010030W002030I005030P001050Y070060Z003060U021070V023070
#0738,6,V010000T033000L034000I005000W011020F032030X004040U010050N073060Y055060P010070Z001070
#0739,6,P000000W013000Y055000L010020Z003020V011030N022040F012050X003060U024060T010070I011090
#0740,6,N070000U031000P034000T012010W020030F073030L054030I000050X003050Y011060Z014070V035070
#0741,6,F050000I011000X003010U024010T010020P021040V003040W033050N074050L010060Z013070Y044080
#0742,6,V010000F033000U024000T021010Z033020L010040N012040W003040X003050Y042070P034070I010090
#0743,6,V010000U003000Y055000Z021010F052020L010040X002040N034040I005040W021060T024070P040080
#0744,6,T010000I011000N063010Y021020P034020U000040X002040W003040F023060V010070Z013070L045080
#0745,6,T000000F033000U024000V020010Z033020Y060040X004040I000050W022050P011060L035060N043080
#0746,6,P060000V003000Y010010W013010X004020Z031030I005040L070050U001050F014050T024070N042080
#0747,6,P000000U033000Z012010X004010N061030F015030Y012040L010050T035050V021060W003070I010090
#0748,6,U000000X002000V003000F004010L050030N022030I000040P012040Z024050Y035060T021070W022070
#0749,6,L060000F014000N035000X001010I000030U002030T035030V021040P014050W011070Z033070Y022080
#0750,6,L010000X002000V003000N074010U011020Y060040F014040Z030050W035050P040070T035070I010090
#0751,6,T010000I011000X003010U024010F031020P021040V003040W033050N074050L010060Z013070Y044080
#0752,6,I010000T035000Z000010F052010V020020W034030Y035030N020050L070060X004060P031070U013080
#0753,6,I000000V011000N044000T035010X002020F074030W021040Y010050U023050L035060Z021070P002080
#0754,6,L010000F042000U024000Z023010Y031020N044030T035040I000050X002050W034060V021070P055070
#0755,6,T000000F033000U024000Y070010X003020N015030P021040W033050I005050L010060Z013070V034070
#0756,6,I000000T011000L002000X004010N012020F033030Y035030Z030050W023050V020070U011070P024080
#0757,6,L010000X002000T003000N035010U011020V010040Z013040W035040F052060Y035060P040070I010090
#0758,6,L070000V011000Z014000Y035000X003020I000040W001040P074040N051050F015060T021070U013080
#0759,6,V020000Z031000Y002000I005010P054020L010030F002030W021050X004050U000070T035070N021080
#0760,6,P010000I011000Y002010N042020T035020U000040X002040W003040F023060V010070Z013070L045080
#0761,6,T000000Y013000U024000I000010N032010P024030W022040X001050L054050V020070F072070Z003070
#0762,6,N070000Z031000Y002000L035010U012020F050030X003040P010050W035050V032060T035070I010090
#0763,6,L060000F014000N035000X001010T010030U022030I005030V034040P051050Z012070W003070Y043080
#0764,6,P000000U033000Z012010F074010X001030N002030Y053040T010050L054050V034060W011070I011090
#0765,6,I010000T035000V020010P041010X004020W000040F022040N035040Y010050Z021070U013070L022080
#0766,6,V010000F013000Z024000I005010Y021020L044030T010040W003050N001060U000070X002070P024080
#0767,6,P010000Z001000U033000V034010Y035020F020030L070040W033040X004050N042070T035070I010090
#0768,6,L000000P034000U000010X002010F074020V010040T023040N054040Z021050Y042070W003070I010090
#0769,6,L070000U031000P034000X002010F074020V010040T023040N054040Z021050Y042070W003070I010090
#0770,6,V010000F063000U024000Z021010Y062030L010040X002040N034040I005040W021060T024070P040080
#0771,6,P000000U033000Z012010N054010Y043020I000040V011040X004040W022050L035060T021070F052070
#0772,6,U000000N062000Z015000Y042020P034020L060040X004040F001050W022050V035060T010070I011090
#0773,6,T000000F033000U024000V020010Z033020L010040N012040W003040X003050Y042070P034070I010090
#0774,6,I010000P055000V010010N073010Z021020W022030L035030Y010050F021050T021070X003070U024070
#0775,6,V010000Z013000P034000X002020U023020L070030Y035030F051040W003060T010070N001070I011090
#0776,6,F050000V001000P074000N070020X002020W035020T035040I000050Z032050Y011060U013070L022080
#0777,6,U000000X002000V003000W034010L050030F014030N035030I000040Y012050Z015060T021070P024080
#0778,6,P010000I011000Y002010N042020T035020L010040F072040W003040Z021060X004060V032070U013080
#0779,6,P070000N072000V003000Z003010X001020Y010040T022040U033040F064050W011070L045070I011090
#0780,6,T000000X003000U024000I000010L022020Z031030P074040F001050W022050Y035060V020070N001080
#0781,6,V010000N043000W035000P021020T035020Y000040X004040I000050Z031050L035060U001070F014070
#0782,6,P000000W033000Z024000V035010F050020N070040L002040Y061050X003060U024060T010070I011090
#0783,6,V010000F033000U024000T021010Z033020Y060040X004040I000050W022050P011060L035060N043080
#0784,6,W020000P061000Z024000V035010T010020F031040Y002040X003050I005050N011060U012070L021080
#0785,6,I010000T035000U030010X001020Z023020P074030L020040Y055050F020060W002060V020070N022080
#0786,6,T000000W013000Y055000V020010P073020N000040Z024040F020050I005050L070060X002070U023070
#0787,6,I000000P071000N053000L054000W012020Z033030X002040Y010050F034050T021070U012070V035070
#0788,6,I000000W021000P062000N035000F051020T035030Y021040X004050V010060Z021070U013070L022080
#0789,6,U030000L033000P074000X001010I005020T010030Y054030F031050Z002050W011070V035070N062080
#0790,6,P000000U033000X002010F064010I000020T011030W035030Y022050N035050V010070Z013070L045080
#0791,6,L010000X002000T003000N035010U011020Y060040F015040P010050W022050V035060Z012070I011090
#0792,6,Y060000F014000I005000T010010L044020N070040P041040W003040Z022060X004060V020070U013080
#0793,6,I010000T035000U000010X002010F074020V000040W003040Z000050Y013050L070060P034070N021080
#0794,6,T010000I011000U033010W011020Y044020N011040F052040V003040Z001060X004060P051070L045080
#0795,6,I010000F015000P000010N042020T035020V010040W003040Z021050X003050Y022070U024070L020080
#0796,6,I010000T035000U000010X002010N054020L043030F014040Y070050W021050Z024060V035070P021080
#0797,6,F050000I011000X003010U024010Y070020N021030W035040T001050Z000060L035060V020070P073070
#0798,6,P010000W001000T003000I005010Z032020N020030L020040Y044050F020060V020070X003070U024070
#0799,6,L010000F022000U024000Z001010Y031020P034030W002040I000050X002050T035060V021070N002080
#0800,6,I000000W021000P062000N035000F051020Z015030X001040T034050L035050Y070060U021070V023070
#0801,6,L070000U031000P034000X002010F074020W000040N002040I000050T013050Y011060Z014070V035070
#0802,6,P010000W001000T003000V035010Z012020F031040Y002040X003050I005050N011060U012070L021080
#0803,6,I000000L011000P063000Y072010Z033010F074030T011040N070050X004050W022060V035070U010080
#0804,6,T010000N001000U024000P001020W020030F073030L054030I000050X003050Y011060Z014070V035070
#0805,6,I000000U031000P034000F002010W003020T021030N002040X003050L010060Y055060V021070Z032070
#0806,6,P070000L002000U002010X004010V021020N070030W035030Z032050I005050T010060F073070Y021080
#0807,6,T000000V003000I000010P062010X002020L054030F061040Z023040N074050U030070W023070Y021080
#0808,6,I010000T035000N000010L010020X004020P071030W033040Y055040F050060Z003060V023070U010080
#0809,6,P000000U033000Z012010N054010Y043020L060040X004040F001050W022050V035060T010070I011090
#0810,6,L010000F052000V003000W021010N054020Y011030I000040Z003040P072050T021070X003070U024070
#0811,6,T010000I011000V013010W011020Z024020F002030Y035030N020050L070060X004060P031070U013080
#0812,6,V010000N053000L054000W001010X001020P010040Y002040Z022050F015050T010070U013070I011090
#0813,6,V010000N043000W035000P021020T035020L060040X004040F041050Z002060Y055060U010070I010090
#0814,6,V010000T003000F061010U022010Y035010L010040N012040W003040X003050Z012070P024070I011090
#0815,6,I000000P071000U033000X004010F032020Z015030T032040W034050Y035050L010060V021070N002080
#0816,6,L010000N012000V003000W013010X004020P000040F073040I005040Y010060T001060Z003070U011080
#0817,6,U000000X002000V003000F004010L060030N011040Y002040W012050T035050Z012070P043070I011090
#0818,6,N000000V003000F020010W034010Y070020Z014030I005030T011050U023050L070060X002070P024080
#0819,6,N070000Z031000Y002000L035010U012020T010030F073040X001050I005050W033060V020070P054070
#0820,6,I010000T035000P000010X002020U023020Y010030V035030N031050Z032050L035060W032070F063070
#0821,6,L010000N012000U033000Z014010T035020P000040F023040W012050V020060X003060Y035060I010090
#0822,6,Y010000N001000U024000P052010Z033020L060040X004040F001050W022050V035060T010070I011090
#0823,6,I000000P071000V003000Z003010W012020F053030X002040L070050Y055050U011060T024070N042080
#0824,6,I010000Z015000U030010X001020L054020P073030Y010040T022040F064050W011070V035070N062080
#0825,6,T010000L001000I005000F073010Y021020V010040W003040Z021050N013050X004060P040080U013080
#0826,6,I010000T035000V010010Y031020U002020X004020F015040P010050W022050L035060Z012070N043080
#0827,6,L060000F014000N035000W021010I000020Y011030T035030U002050X004050V020070Z031070P055070
#0828,6,T000000F033000U024000V020010Z033020P060040W003040I000050X003050Y011060N044070L045080
#0829,6,N070000U031000P034000T012010W020030X003030L054030I000050F014050Y011060Z014070V035070
#0830,6,I010000T035000Y010010U021010W003020F013030N054040Z000050X003050V020060P014070L043080
#0831,6,I000000T011000L002000X004010F032020Y035030N062040Z030050W023050V020070U011070P024080
#0832,6,P000000V013000Z012010L014010I005020W011030F003030N011050Y012050X004060T021070U013080
#0833,6,P000000U033000X002010F064010W020020Y035030I000040Z023040L011050T034060V035070N042080
#0834,6,V010000P063000U031010F032020Z024020I000030Y035030X002040T011060W003060L020080N002080
#0835,6,U000000X002000T003000N035010L043020I000040V011040F015040W022050Y035060Z021070P042080
#0836,6,U030000P003000T011010W035010L070020F072030N015030X002050I005050Y010060Z013070V034070
#0837,6,L070000V011000Z014000Y035000W033020P014030N070040F013040X003060U024060T010070I011090
#0838,6,I000000Y061000Z015000W021010P034020T021030N002040L043050F044060U000070X002070V035070
#0839,6,V010000N043000W035000U001020Y055020L070030F022030Z001050X004050P040070T035070I010090
#0840,6,I000000V011000F014000N035000X002020P055030U011040T010050Z023060Y055060W011070L044080
#0841,6,U000000N062000Z015000Y042020P034020I000040V011040X004040W022050L035060T021070F052070
#0842,6,T000000V003000I000010P062010X002020W014030F061040N015040Z002060L035060U030070Y021080
#0843,6,L060000N044000X001010F015010I000030W012030T035030P062050Z021060Y035060V032070U003070
#0844,6,P030000L062000X003010U024010Z030020Y070040F051040V003040N074050T023060W011070I011090
#0845,6,V010000W013000Y055000T021010Z023020F064030P070040N052050I005050X001060L034060U010080
#0846,6,P000000V013000Z012010L014010I005020N061030W002040Y010050F021050T021070X003070U024070
#0847,6,P000000W033000Z024000V035010T010020F031040Y002040X003050I005050N011060U012070L021080
#0848,6,I010000T035000P060010Y010020F023020U022030Z021040N015040W012060L035060V020070X003070
#0849,6,T000000W013000Y055000I000010N043020L044030Z015040P021050F044060U000070X002070V035070
#0850,6,L010000X002000V003000F004010P011020T013030Z030040W014050U000060Y055060N021070I010090
#0851,6,U000000X002000V003000W034010L050030N044030I000040F015040Y012050Z015060T021070P024080
#0852,6,L060000P074000X001010U022010I005020T010030Y054030F031050Z002050W011070V035070N062080
#0853,6,F050000Y001000I005000Z014010W020020V033030N074030L070040T001060X004060P040080U013080
#0854,6,I000000P071000N053000L054000W012020F053030X002040Y010050Z015050T021070U012070V035070
#0855,6,W020000P061000Z024000V035010F050020T010040Y002040X003050I005050N011060U012070L021080
#0856,6,I010000T035000U000010X002010P014020F013030N050040W013050Y055050V020060Z003070L043080
#0857,6,L000000P034000U000010X002010F074020N070040Z031040V002040Y035050W022060T010070I011090
#0858,6,L010000Z032000V003000Y011010N013020P034030I000040W023040F051050T021070X003070U024070
#0859,6,U030000V013000F031010Z024010Y035020P071030L070040W033040X004050N042070T035070I010090
#0860,6,I010000T035000P000010X002020U023020N050030V035030Y070050Z032050L035060W032070F063070
#0861,6,N000000V003000F020010W034010Y070020P024030Z032040T011050I005050L070060X002070U023070
#0862,6,L000000P074000U000010X002010T035020Z030040V001040N054040Y070060W021060F004060I011090
#0863,6,L070000I011000F051010Y002010T035020N000040W003040P030050Z022060X004060V020070U013080
#0864,6,L010000X002000P063000T011020V003020Z014030W020040U033050Y070060F074060N021070I011090
#0865,6,L070000N021000V003000F051010X004020I000040U031040W035040Y052050Z015060T021070P024080
#0866,6,I000000P061000V034000L035000Y071010F053030X002040W020050Z015050T010070U024070N043080
#0867,6,L060000N044000W021010F015010I000020Y011030T035030U002050X004050V020070Z031070P055070
#0868,6,P070000Z032000V003000F031020W002020L035030U001040X003040Y070050N062070T035070I010090
#0869,6,L070000U031000P074000X002010T035020I000040F051040N002040W021060V003060Z003070Y021080
#0870,6,I000000V011000Z024000U002010Y035010F061030W003040P022050T010060X004060N061080L045080
#0871,6,T000000W013000Y055000V020010Z023020F064030P070040N052050I005050X001060L034060U010080
#0872,6,L010000X002000V003000F004010Y031020N022030W022040T010050U024050P021070Z033070I010090
#0873,6,L010000N062000Z015000F021020P034020Y071030I000040W003040X003050T021070U012070V035070
#0874,6,L010000Z032000V003000Y011010X003020P055030I000040W022040N051050F015060T021070U013080
#0875,6,I010000F015000N000010P040020T035020U030040W003040Y071050X003050L070060Z014070V035070
#0876,6,T000000N063000I000010Z014010Y035010P011030W023030L043050F044060U000070X002070V035070
#0877,6,U000000X002000V003000N074010L043020F020040P062040Y070050W035050Z022060T035070I010090
#0878,6,I010000T035000U030010Y021020W003020P040040N002040Z013050L070060F044060X002070V035070
#0879,6,F050000I011000X003010U024010T010020N011040V002040L035040P022050W011070Z033070Y022080
#0880,6,U000000X002000V003000N074010F003020L050030I000040P012040Z024050Y035060T021070W022070
#0881,6,I010000T035000U000010Y022010Z012030P063030X003040W021050N015050L070060F051070V035070
#0882,6,W020000P061000Z024000V035010F050020N070040L002040Y061050X003060U024060T010070I011090
#0883,6,L000000P074000U000010X002010Z015020T000040F044040Y070050N052050I005050W032070V034070
#0884,6,Y010000N001000U024000P052010Z033020I000040V011040X004040W022050L035060T021070F052070
#0885,6,P000000U033000Z012010X004010V011030F015030N070040Y012040T035050L020070W003070I010090
#0886,6,I010000T035000U030010X001020W003020N013030Y010040F034040Z031060L054060V034070P000080
#0887,6,P030000U032000L035000X003010Z030020I000040T011040V003040N074050F042060W023070Y021080
#0888,6,L060000P074000U031010N070020X002020I005020W034030Y010050T034050Z021070F033070V035070
#0889,6,I010000T035000V010010P001020X004020W000040F022040N035040Y010050Z021070U013070L022080
#0890,6,I010000L045000P070010Z032020V003020X001030F033040Y010050N035050W013060T021070U013080
#0891,6,L050000P072000Z024000I000010Y035010N072030W023030T021040F044060U000070X002070V035070
#0892,6,P070000Z022000W014000I005010V034020Y060030T010040F043050X001060N034060L035060U010080
#0893,6,P070000V012000Z015000X001020L054020W013030I000040F004040N051050Y073060T021070U024070
#0894,6,I000000W021000L002000F023010T011020Y055030P022040N050050Z014050V020070X003070U024070
#0895,6,L010000X002000T003000I005010U011020Z014030P030040W033050F064050Y070060V035070N062080
#0896,6,I010000T035000U000010X002010F074020L000040P014040Z000050W022050Y070060V035070N062080
#0897,6,P010000W001000T003000V035010Z012020F041040N063040L054050Y070060X002060U023060I011090
#0898,6,U030000P003000T011010W035010L070020X002030N015030F013050I005050Y010060Z013070V034070
#0899,6,V010000P063000U031010X002020Z024020W020030N035030F050050T023050Y035060L020070I010090
#0900,6,W020000Y061000Z015000T010020P024020N011040L002040X002050U023050V035060F031070I011090
#0901,6,I010000T035000U000010F002010W003020Y000040N054040Z000050X003050V020060P014070L043080
#0902,6,T010000I011000F073010L054010Y021020N070040P041040W003040Z022060X004060V020070U013080
#0903,6,L060000N044000X001010F015010I000030U002030T035030V021040P014050W011070Z033070Y022080
#0904,6,T000000P023000V035000I000010X002020W014030F061040N015040Z002060L035060U030070Y021080
#0905,6,I000000W021000L002000F023010T011020Z015030Y052040N050050P024050V020070X003070U024070
#0906,6,U000000X002000V003000W034010N020030L054030Y010040Z014040T021060F043060P034070I010090
#0907,6,P060000T003000Y070010F013010V035010N061040Z024040W012050I005050L070060X002070U023070
#0908,6,I010000W035000Y060010U010020T035020N050040Z001040P043040L070060F044060X002070V035070
#0909,6,F050000V001000P074000N070020X002020I005020W034030Y010050T034050Z021070U013070L022080
#0910,6,L010000X002000V003000F004010T011020W020040P042040U024040Y070060Z033060N021070I011090
#0911,6,T000000V003000Y070010U032010Z033020F032030X004040I000050W022050P011060L035060N043080
#0912,6,P000000U033000X002010F064010I000020L021030V035030N031050Z032050Y035060W032070T023070
#0913,6,T010000N001000U024000P001020W020030X003030L054030I000050F014050Y011060Z014070V035070
#0914,6,T000000U033000I000010N032010X004010W033030P055030F013050Y010060L054060Z013070V034070
#0915,6,U000000X002000V003000W034010L010030N044030Z031040Y055040F021060T024060P070070I011090
#0916,6,N070000L061000Y055000U002010Z003020T010030F073040X001050I005050W033060V020070P054070
#0917,6,V010000Z013000P034000F032020U023020I000030Y035030X002040T011060W003060L020080N002080
#0918,6,V010000Z013000P034000X002020U023020W020030N035030F050050T023050Y035060L020070I010090
#0919,6,I010000T035000U000010X002010N054020F073030W000040Y010050P013050V035060Z021070L022080
#0920,6,L060000F014000N035000X001010I000030W012030T035030P062050Z021060Y035060V032070U003070
#0921,6,U000000X002000V003000N074010F003020I000030P011030W013050Y055050T021060Z003070L043080
#0922,6,Z000000L062000V020010U033010F074020Y060040X004040W020050N052050P055060T010070I011090
#0923,6,T000000U033000I000010F062010N054010W013030Y031040X004040Z022060L035060V020070P073070
#0924,6,I010000T035000W020010N021010P010030X003030U024030F052050L010060Y055060V021070Z032070
#0925,6,U030000V003000X001010Z003010F003020Y070030N021040I005040L001060P070070T022070W023070
#0926,6,V010000U003000Y055000Z021010F052020P000040N034040I005040W012050L070060X002070T024070
#0927,6,V010000Z013000P034000F032020U023020L070030Y035030X002040W003060T010070N001070I011090
#0928,6,I010000W035000Y060010U010020T035020P040040N002040Z013050L070060F044060X002070V035070
#0929,6,I010000T035000V010010F051020N002020W000040U033040L070050X004050Z031060P055070Y042080
#0930,6,U030000V003000X001010Z023010F064020Y070030N021040I005040L001060P070070T022070W023070
#0931,6,Y060000Z024000I000010F042010V035010L021030T035040W011050N062060X003070U024070P040080
#0932,6,P000000W033000Z024000V035010T010020F041040N063040L054050Y070060X002060U023060I011090
#0933,6,T000000X003000U024000Y070010F052020N015030P021040W033050I005050L010060Z013070V034070
#0934,6,P070000V012000T035000F031020W003020Z013030X004040Y010050N032050U013060L002080I010090
#0935,6,I000000P071000V003000U023010W012020Y035030F012040Z023040T010060X004060N061080L045080
#0936,6,I000000T011000L002000X004010F072020P055030N011040W022040Z021060Y035060V032070U003070
#0937,6,L070000U031000P074000X002010T035020Z030040V001040N054040Y070060W021060F004060I011090
#0938,6,I010000T035000U000010X002010F074020N000040W003040Z000050L070060P062060V035070Y061080
#0939,6,T000000U033000I000010N032010F074010P043030X002040W014050L010060Y055060V021070Z032070
#0940,6,P070000L072000U033000X004010V021020N070030W035030Z032050I005050T010060F073070Y021080
#0941,6,P070000T012000V003000X001020W003020F033030I000040U011050Z024050L035060N021070Y021080
#0942,6,L060000F014000N035000X001010T010030W002030I005030P001050Y070060Z003060U021070V023070
#0943,6,I010000F015000U000010X002010T035020N000040W003040Z000050L070060P062060V035070Y061080
#0944,6,V010000T003000F061010U022010Y035010I000040P071040W003040X003050Z021070N044070L045080
#0945,6,P060000T003000Y070010F013010V035010N011040L002040W012050X004050Z012070U013070I011090
#0946,6,I010000W035000U000010F042010T035020Y000040N054040Z000050X003050V020060P014070L043080
#0947,6,T010000I011000F073010L054010Y021020V010040W003040Z021050N013050X004060P040080U013080
#0948,6,P070000T012000V003000F031020W003020X003030Y011040L070050Z014050I005050U023070N042080
#0949,6,I000000F051000L002000X004010T011020Y035030N062040Z030050W023050V020070U011070P024080
#0950,6,F050000I011000X003010U024010T010020W021040Y062040N050050L054050Z014060V020070P043080
#0951,6,T010000I011000F073010L054010Y021020N000040W003040P030050Z022060X004060V020070U013080
#0952,6,I010000Y055000W000010F022010P010020T034030N035040L060050X001060Z002060V035070U010080
#0953,6,I010000Y055000P070010F022010W032020T034030N035040L060050X001060Z002060V035070U010080
#0954,6,L060000T034000I005000Z031010Y010020F072030N074030W011050X002060U023060V035070P040080
#0955,6,I010000T035000U000010X002010P014020Y053030W000040N050050Z024050L035060V020070F052070
#0956,6,I000000L071000V012000T035000W003020F073030X001040U013050Y010060N032060Z023070P055070
#0957,6,L010000X002000V003000F004010Z031020P030040U012040I005040Y070060N062060W033070T024070
#0958,6,I010000T035000P070010N072010W003020F031030Y044040X001050V003060U010070Z003070L043080
#0959,6,Z000000L062000V020010U033010F074020I000040P001040X004040N001060Y035060T021070W022070
#0960,6,I000000P031000U033000X004010F051020Z015030W021040Y010050V034050L035050T021070N022080
#0961,6,L070000V011000P024000Z032010Y035020N042030F013040W020050X004050T010070U013070I011090
#0962,6,L060000N044000Y011010T035010I000020Z022030F074030W003050U001060X003060V020070P024080
#0963,6,I000000P061000Z024000W021010Y035010T021030N002040L043050F044060U000070X002070V035070
#0964,6,L000000Z024000U030010I005010X001020P073030Y010040T022040F064050W011070V035070N062080
#0965,6,N000000T003000P040010I005010F073020L070030Z031030W001050Y014050U000070X002070V035070
#0966,6,I010000Y055000L060010F041020W013020P054030T010040N035040X001060Z002060V035070U010080
#0967,6,T000000U003000Y055000I000010N032010W033030P014030Z013050L070060F044060X002070V035070
#0968,6,I010000T035000W020010N021010P010030F033030U024030X003050L010060Y055060V021070Z032070
#0969,6,N000000V003000Z000010T034010Y070020F073030I005030W011050X003050P051070U012070L045080
#0970,6,P060000U033000T010010N054010X003020F031030Y054040W001050I005050L010060V021070Z032070
#0971,6,I000000L061000T035000F032010X004020P012030N011040W035040Z021060Y035060V032070U003070
#0972,6,V010000N043000W035000U001020Y055020I000030F022030Z001050X004050T021060P055070L043080
#0973,6,N050000F021000V003000W034010Y070020Z014030I005030T011050U023050L070060X002070P024080
#0974,6,L000000P074000U000010X002010T035020I000040F051040N002040W021060V003060Z003070Y021080
#0975,6,I010000T035000V020010P041010X004020L060040Y055040F071050W002050U000070Z033070N021080
#0976,6,P000000U033000F002010X004010I000020L021030V035030N031050Z032050Y035060W032070T023070
#0977,6,L060000N044000T011010Y055010I000020W012030F004030P032050X001060Z024060V035070U010080
#0978,6,L060000P074000X001010U022010I005020F050030Y054030T010050Z002050W011070V035070N062080
#0979,6,P000000T003000N042010I005010F073020L010030Z001040W023040Y071050V020070X003070U024070
#0980,6,N070000W021000P062000I005000F014020T010030Y044040X001050V003060U010070Z003070L043080
#0981,6,T000000P023000V035000I000010X002020L054030F061040Z023040N074050U030070W023070Y021080
#0982,6,T000000X003000U024000L070010Y022020I005030N042040W034040Z000060F014060V020070P024080
#0983,6,P010000W001000V003000T024010Z012020F041040N063040L054050Y070060X002060U023060I011090
#0984,6,I010000T035000Y010010N021010F061030W002030L054030P072050Z000060X004060V020070U013080
#0985,6,U030000T003000F031010V033010Y035010L010040N012040W003040X003050Z012070P024070I011090
#0986,6,F020000Y062000I000010Z014010V035010L021030T035040W011050N062060X003070U024070P040080
#0987,6,P000000U033000Z012010N054010F073020Y011030L070040X003040W035050V032060T035070I010090
#0988,6,P030000L062000X003010U024010Z030020N020040V003040T010050F004050W011070Y023070I011090
#0989,6,N050000L051000V013000P074010I000020F013030W035030Z031050Y055050U000070X002070T024070
#0990,6,P070000Y062000X002010L054010W034020Z000030N070040F034040U012060V035060T010070I011090
#0991,6,L070000U031000P034000X002010F074020N070040Z031040V002040Y035050W022060T010070I011090
#0992,6,I010000Y055000W000010F022010P010020X004030Z012040U013050N011060T022060V003070L044080
#0993,6,U000000X002000V003000N074010L043020Y060040F014040Z030050W035050P040070T035070I010090
#0994,6,L060000N044000X001010F015010T010030U022030I005030V034040P051050Z012070W003070Y043080
#0995,6,I010000T035000U000010F072010P014020X002030N050040W013050Y055050V020060Z003070L043080
#0996,6,P060000V003000Y070010F013010T024010N011040L002040W012050X004050Z012070U013070I011090
#0997,6,I010000T035000N000010F020020W034020Y070030L035030Z014040X001060P013060V035070U010080
#0998,6,I010000F015000U000010X002010T035020V000040W003040Z000050Y013050L070060P034070N021080
#0999,6,V010000F043000Y055000W021010N074020I000030Z031030U001050T034050L035060X003070P040080
#1000,6,I000000V011000N044000F015010X002020P055030U011040T010050Z023060Y055060W011070L044080
#1001,6,I010000T035000U000010X002010F074020W000040N002040Y010050P013050V035060Z021070L022080
#1002,6,Y010000W001000T003000V035010P031020F020040Z023040N015040I000050L035060U001070X003070
#1003,6,L070000I011000F051010Y002010T035020N070040P041040W003040Z022060X004060V020070U013080
#1004,6,V010000W013000Y055000T021010Z003020F003030P070040N052050I005050X001060L034060U010080
#1005,6,I010000T035000Y010010W001010N054020Z021030P062040L022050F020060V020070X003070U024070
#1006,6,V010000F033000U024000T021010Z033020L060040X004040N011050W022050Y035060P041070I010090
#1007,6,W020000Y061000Z015000P010020L054020V002030N042040F053050U000060X002060T035070I010090
#1008,6,I000000P041000T003000Y035010U031020Z032030X001040W033050N015050L070060F013070V035070
#1009,6,L070000N071000F052000V003000X004020I000040U031040W035040Y052050Z015060T021070P024080
#1010,6,I010000T035000U000010X002010P014020Z013030N070040Y002050W002060L035060V020070F072070
#1011,6,T000000P023000I005000Y070010U032020X003030W021040N050050Z024050L035060V020070F052070
#1012,6,P000000U033000T022010X004010L010020I005030Y001040F041050Z014050V020070W003070N001080
#1013,6,P060000V003000Y010010Z003010W012020X003030I005040L070050U001050F014050T024070N042080
#1014,6,P000000T003000N042010I005010F073020L070030Z031030W001050Y014050U000070X002070V035070
#1015,6,N070000L061000Y055000U002010Z003020F050030X003040P010050W035050V032060T035070I010090
#1016,6,P070000Y062000X002010L054010W034020I000030N071030F034040T011060Z024060V035070U010080
#1017,6,I000000Y011000U022000P074000T035020Z032030X001040W033050N015050L070060F013070V035070
#1018,6,L010000X002000V003000N074010U011020F020040P062040Y070050W035050Z022060T035070I010090
#1019,6,L010000F042000U024000Z023010Y031020P034030W002040I000050X002050T035060V021070N002080
#1020,6,V010000U033000L011010X004010P012020N070030W035030Z032050I005050T010060F073070Y021080
#1021,6,I010000Y055000P070010F022010W032020X004030Z012040U013050N011060T022060V003070L044080
#1022,6,I010000Z015000U030010X001020P074020W033030V020040F015040Y043060L035060T010070N043080
#1023,6,I010000F015000P000010N042020T035020U030040W003040Y071050X003050L070060Z014070V035070
#1024,6,T000000U003000Y055000I000010N032010P043030W022040X001050L054050V020070F072070Z003070
#1025,6,L010000F022000U024000Z001010Y031020N044030T035040I000050X002050W034060V021070P055070
#1026,6,Z030000Y001000W035000P040020F015020L060040N015040X001050U022050V035060T010070I011090
#1027,6,I010000T035000V010010Y031020U002020F074020X004040P010050W022050L035060Z012070N043080
#1028,6,U000000X002000V003000W034010Z000030N044030I000040T035040Y061060F061070P003070L045080
#1029,6,T000000F033000U024000V020010Z033020L060040X004040N011050W022050Y035060P041070I010090
#1030,6,L000000Z024000I000010P071010Y035010N072030W023030T021040F044060U000070X002070V035070
#1031,6,V010000X003000L054000F061010Z014020U000040N043040I005040T034050P000070W023070Y042080
#1032,6,N020000Y002000I000010T035010Z001020L031030W003030P002050F044060U000070X002070V035070
#1033,6,I010000T035000V010010P001020X004020L060040Y055040F071050W002050U000070Z033070N021080
#1034,6,L010000X002000P063000T011020V003020F014030Z030040W014050U000060Y055060N021070I010090
#1035,6,N000000V003000L050010Z014010I000020P063030W012040F043050Y055050U000070X002070T024070
#1036,6,L060000N044000T011010Y055010I000020F032030U023030X002050W035050V020070Z031070P055070
#1037,6,U000000X002000V003000N074010F003020W000030Y010040T023050P034050Z021060L002080I010090
#1038,6,I010000T035000N000010P040020F074020V010040W003040Z021050X003050Y022070U024070L020080
#1039,6,T010000I011000X003010U024010F071020P040040V003040W033050N074050L010060Z013070Y044080
#1040,6,V010000F033000U024000T021010Z033020P060040W003040I000050X003050Y011060N044070L045080
#1041,6,I010000T035000L010010F032010X004020P012030N011040W035040Z021060Y035060V032070U003070
#1042,6,P010000Y061000T035000X002020F023020N050030U013040I000050W022050L054060V021070Z032070
#1043,6,N020000L002000T010010X004010F031030W002030I005030P001050Y070060Z003060U021070V023070
#1044,6,I000000Y011000U022000P074000T035020X002030W034040Z000050N015050L070060F013070V035070
#1045,6,U030000T003000F031010V033010Y035010I000040P071040W003040X003050Z021070N044070L045080
#1046,6,T010000L001000Y035000N033010W011020F034030X001040U024050P010060V012060Z033070I010090
#1047,6,F050000I011000X003010U024010L070020P031030V003040Z013050N074050Y070060T022070W023070
#1048,6,F050000I011000X003010U024010T010020N061040W014040P052050Y055050V020060Z003070L043080
#1049,6,P060000V003000Y070010F013010T024010N061040Z024040W012050I005050L070060X002070U023070
#1050,6,I010000F015000U000010X002010T035020P060040W003040N070050Y043050Z032070V003070L020080
#1051,6,T010000I011000N063010Y021020P034020L010040F072040W003040Z021060X004060V032070U013080
#1052,6,I010000Z015000V010010N021020U024020F051030Y010040X003050L054050W021060T024070P040080
#1053,6,V010000F063000U024000Z021010L002030I000040P001040X004040N001060Y035060T021070W022070
#1054,6,T000000N013000Z024000I000010Y035010U011030X004040F001050W022050V035060P010070L022080
#1055,6,F050000Y001000I005000T034010L020020N070040P041040W003040Z022060X004060V020070U013080
#1056,6,L060000N044000F051010W035010I000020Y011030T035030U002050X004050V020070Z031070P055070
#1057,6,L050000P072000Z024000I000010Y035010F042030W003040N011050X003050T021070U012070V035070
#1058,6,V010000N043000W035000Z001020F015020P030030T035040I000050Y012050L071060X004060U013080
#1059,6,I010000T035000P000010N002020U030030F053030X001040W033050Y055050V020060Z003070L043080
#1060,6,I000000V011000N044000F015010X002020T035030W021040Y010050U023050L035060Z021070P002080
#1061,6,I010000T035000P000010N002020V010030F053030W001040X001050Y055050U010070Z003070L043080
#1062,6,N000000T003000Y070010Z031010I005010U012030X001040W033050F064050V020060P055070L043080
#1063,6,L070000V011000N044000Z015010Y032020P034030I000040W023040F051050T021070X003070U024070
#1064,6,I000000Z031000V002000L035000P071020F053030X002040Y010050N035050W013060T021070U013080
#1065,6,T000000X003000U024000I000010N012020W013030P055030F013050Y010060L054060Z013070V034070
#1066,6,I010000T035000P000010N042020F074020U030040W003040Y071050X003050L070060Z014070V035070
#1067,6,F020000Y062000L070010U024010N062020X003030P055040Z000050W022050V020060T035070I010090
#1068,6,N050000F021000V003000W034010Y070020P024030Z032040T011050I005050L070060X002070U023070
#1069,6,P030000U032000L035000X003010Z030020F020040T003040I000050N013050Y035050V021070W023070
#1070,6,L010000Y002000Z001010U013010N031020T034030I005030W011050X003050P051070V022070F074070
#1071,6,L000000P034000U000010X002010F074020W000040N002040I000050T013050Y011060Z014070V035070
#1072,6,P010000Y061000T035000F042020X004020N050030U013040I000050W022050L054060V021070Z032070
#1073,6,L070000N021000V003000F051010X004020P040040W002040I005040Y010060T001060Z003070U011080
#1074,6,T010000L001000I005000F073010Y021020N070040P041040W003040Z022060X004060V020070U013080
#1075,6,P000000U033000Z012010N054010F073020X001030Y053040T010050L054050V034060W011070I011090
#1076,6,T000000W013000Y055000V020010Z023020P014030F020040I000050N053050X002060L035060U011080
#1077,6,I010000F015000U000010X002010Z015020V010040N044040L021050Y035050P070070T022070W023070
#1078,6,I010000T035000P000010W012020X004020V020030F022040Y035040L070060N071060Z032060U013080
#1079,6,V010000W013000Y055000T021010Z023020P014030F020040I000050N053050X002060L035060U011080
#1080,6,W020000I011000Y002010T010020U013020N011040F052040V003040Z001060X004060P051070L045080
#1081,6,I010000T035000V010010U031020N054020F052030W000040L070050X004050Z031060P055070Y042080
#1082,6,F050000Y001000I005000T034010L020020V010040W003040Z021050N013050X004060P040080U013080
#1083,6,V010000P063000U031010F032020Z024020L070030Y035030X002040W003060T010070N001070I011090
#1084,6,V010000F063000U024000Z021010L002030Y060040X004040W020050N052050P055060T010070I011090
#1085,6,N070000W021000P062000I005000F014020Z030030X004040L070050T011050Y035060V032070U003070
#1086,6,I010000W035000U000010F042010T035020P040040N002040X003050L010060Y055060V021070Z032070
#1087,6,P070000T002000Y055000W032010F014020V010040N044040Z031050I005050L034060U000070X002070
#1088,6,I010000T035000N000010P070020X004020W032030U013040F052050L010060Y055060V021070Z032070
#1089,6,L070000N071000F052000V003000X004020P040040W002040I005040Y010060T001060Z003070U011080
#1090,6,I010000T035000P000010N042020F074020V010040W003040Z021050X003050Y022070U024070L020080
#1091,6,I010000F015000N000010P040020T035020V010040W003040Z021050X003050Y022070U024070L020080
#1092,6,W020000I011000Y002010T010020U013020P051040F052040V003040Z012060X004060N061080L045080
#1093,6,I010000Y035000U000010N062010W023020T032030Z033040F020050L070060P033060X002070V035070
#1094,6,U030000L033000P074000X001010I005020F050030Y054030T010050Z002050W011070V035070N062080
#1095,6,I010000T035000W020010N021010Z030030U003030Y055030F020050L070060P033060X002070V035070
#1096,6,I000000Y061000Z015000W021010P034020N031030U002040X004040T011060L035060V020070F014070
#1097,6,P010000W001000V003000T024010Z012020F031040Y002040X003050I005050N011060U012070L021080
#1098,6,P000000U033000Z012010F074010N061030X004030Y012040L010050T035050V021060W003070I010090
#1099,6,L060000T034000I005000F031010Y043020N070040P041040W003040Z022060X004060V020070U013080
#1100,6,I010000L045000P070010Z032020V003020N011030W012040F043050Y055050U000070X002070T024070
#1101,6,P070000Z022000W014000I005010T034020N020030L020040Y044050F020060V020070X003070U024070
#1102,6,I000000V011000F014000N035000X002020T035030W021040Y010050U023050L035060Z021070P002080
#1103,6,I010000T035000N000010P070020X004020F032030Z015040U010050W034060Y035060V010070L021080
#1104,6,L060000F014000N035000Y011010I000020Z022030T035030W003050U001060X003060V020070P024080
#1105,6,I000000V011000L054000U032010Z013020X004030F072040Y010050W035050N072060T021070P055070
#1106,6,L010000X002000V003000F004010P011020Z033030I000040T011050N002050W032070U033070Y044080
#1107,6,I010000T035000P010010N021010F012030V003030W013040Y010050X004050Z021070U013070L022080
#1108,6,L070000I011000F051010Y002010T035020V010040W003040Z021050N013050X004060P040080U013080
#1109,6,P070000Y062000Z032010L054010X001020W033030N070040F034040U012060V035060T010070I011090
#1110,6,L060000F014000N035000Y011010I000020U002030T035030W021050X004050V020070Z031070P055070
#1111,6,N000000T003000I000010Y011010L035010F033020Z033040W011050X002060U023060V035070P040080
#1112,6,I010000T035000V010010N031020U002020F074020X004040W001050P030060Y055060Z032070L020080
#1113,6,I010000W035000P010010T001010Y035020U003030N050040Z001040L070060F044060X002070V035070
#1114,6,I000000T011000L002000F064010W012020Y055030P022040N050050Z014050V020070X003070U024070
#1115,6,T000000X003000U024000N070010L022020W020040Z032040V003040Y070060F013060P024070I011090
#1116,6,I000000P061000Z024000W021010Y035010N031030U002040X004040T011060L035060V020070F014070
#1117,6,N050000L051000V003000P033010I000020F013030W035030Z031050Y055050U000070X002070T024070
#1118,6,W000000Y002000N050010U013010L070030F052030V003030Z001050X004050P040070T035070I010090
#1119,6,I000000P071000V003000W013010X004020Z031030N015040U030050F031060T023060L035060Y021080
#1120,6,L070000U001000T003000Z002010I005010F012030W013040Y010050X004050N001070V035070P021080
#1121,6,L000000P034000U000010X002010F074020N020040V002040W020050Y035050Z002060T010070I011090
#1122,6,U000000X002000V003000W034010N020030Z024030T010040I005040Y001060P060070F004070L020080
#1123,6,N020000L002000T010010W034010I005020X001030Y054030F050050U022050P010070Z014070V035070
#1124,6,F050000Y001000I005000T034010L020020N000040W003040P030050Z022060X004060V020070U013080
#1125,6,T010000I011000X003010U024010F031020N011040V002040L035040P022050W011070Z033070Y022080
#1126,6,P030000U032000L035000X003010Z030020N020040V003040T010050F004050W011070Y023070I011090
#1127,6,I000000P071000V003000W013010X004020T021030F022040Y035040L070060N071060Z032060U013080
#1128,6,T000000W013000Y055000V020010Z003020F003030P070040N052050I005050X001060L034060U010080
#1129,6,Y060000F014000I005000T010010L044020N000040W003040P030050Z022060X004060V020070U013080
#1130,6,T010000V001000P034000W011020X004020F072030I005040Z000050U012050L070060N043070Y044080
#1131,6,L060000N044000X001010T035010I000030F032030W003030P062050Z021060Y035060V032070U003070
#1132,6,L060000N044000Y011010F015010I000020U002030T035030W021050X004050V020070Z031070P055070
#1133,6,I010000T035000N050010F021010W034020Y070030L035030Z014040X001060P013060V035070U010080
#1134,6,T010000N001000U024000X001020W002020Y035030I000040P022040L001060Z021070F033070V035070
#1135,6,I010000W035000P010010T001010Y035020L013030U030040X001050N054050V020070F072070Z003070
#1136,6,P000000U033000F002010X004010I000020T011030W035030Y022050N035050V010070Z013070L045080
#1137,6,I000000P071000V003000Z003010W012020X003030N015040U030050F031060T023060L035060Y021080
#1138,6,I010000T035000U000010X002010F074020L060040V034040N061050Y035050P010070Z001070W023070
#1139,6,I010000T035000Z000010F052010Y070020U024030P002040X001050W033060N034060L035060V020070
#1140,6,U000000X002000T003000N035010L043020Y060040F015040P010050W022050V035060Z012070I011090
#1141,6,W020000P061000Z024000V035010T010020F041040N063040L054050Y070060X002060U023060I011090
#1142,6,L010000N012000U033000Z014010T035020Y060040F074040I000050X002050W034060V021070P055070
#1143,7,L000000Z024000U030010V035010N011020X002030W034040Y035040F001050T010070P043070I011090
#1144,7,L010000W012000P024000Y062020Z001030F044030I000040N071040V035040T021070X003070U024070
#1145,7,P060000U033000T010010X004010W011030F073030I005030V001050Y010060Z001060N074060L021080
#1146,7,P070000F062000V003000W034010L050030Z014030Y035030I000040N013050X004060T021070U013080
#1147,7,L070000V011000Z014000Y035000F073020P070040W002040I005040N052050X001060T024070U010080
#1148,7,Y070000W021000L002000F023010N001030I005030P070040T012040X001060Z003060V023070U010080
#1149,7,P070000L002000F072010W003010V000030X004030Z000040Y070050U013050N062070T035070I010090
#1150,7,L010000N062000T035000V011020X004020F062030I000040P055040Z013050W032070U033070Y044080
#1151,7,I010000T035000P000010N062020W020030X003030L054030Z030050Y054050U000070F013070V035070
#1152,7,L010000F072000T003000I005010V021020Z032020Y010040N012050W003050X003060U010080P024080
#1153,7,L010000X002000P063000U011020V034020I005020N020040T010050F004050W011070Z033070Y022080
#1154,7,V010000X003000U024000F061010N062030I005030T010040Z023040Y034050W021060P010070L045080
#1155,7,P040000Y002000X003010N035010L010020W001030F061040I005040Z014050V020070U011070T024070
#1156,7,V010000F073000L054000Z031010P030030N072030X004030Y070050W035050U021060T035070I010090
#1157,7,L060000N044000F051010Y055010I000020T011030U023030X002050W035050V020070Z031070P055070
#1158,7,I010000N035000P040010T002010V010030F015030W001040X001050Y055050U010070Z003070L043080
#1159,7,L070000U031000P074000X002010N035020Z023030V010040F061050T035050Y042070W003070I010090
#1160,7,W000000Y002000P010010U013010V012030Z015030I000040N071040F044050L035060T021070X003070
#1161,7,I000000L061000T035000F032010P014020W012030Z033040N050050Y012050X004060V020070U013080
#1162,7,I000000P001000W034000Y035000F051020X004030T011040N070050Z015050V022060U024070L020080
#1163,7,N000000P063000I000010W021010T003020F051030L035030X001050Z023050V020070U024070Y001080
#1164,7,L010000Z032000V003000F051010P011030U033030I000040X004040N001060Y035060T021070W022070
#1165,7,L010000F032000T003000I005010W032020Y013020Z012040N074040U001060X003060V020070P024080
#1166,7,P010000Z001000V003000U023010N000030Y055030F020040I000050W013050X004060T011070L045080
#1167,7,L060000N044000Y021010P055010U030030Z033030X001040W033050F064050V020060T035070I010090
#1168,7,P030000L062000N063010W020020F014020I005020T010040Y054040X001060Z002060V035070U010080
#1169,7,W020000Y061000Z015000F050020L054020P023030N050040U002050X004050V020060T035070I010090
#1170,7,W020000P061000Z024000Y035010T010020X003030N011040U012050V035050F061060L002080I010090
#1171,7,N070000Y001000W035000Z001010I005020L070030T034030F051040P033060U000070X002070V035070
#1172,7,L000000Z024000V010010Y035010N071020W022020I000040F051050P063050T021070X003070U024070
#1173,7,N000000V003000P030010Z014010T010030U033030X004040F001050W022050Y035060L020070I010090
#1174,7,I000000P071000V013000L054010F032020Y034020X002040W020050Z015050T010070U024070N043080
#1175,7,P070000N032000U033000X004010F050030W002030I005030Y010050L012050Z003060T021070V023070
#1176,7,I000000U031000P034000X002010N054020V021030F073030T010050Z023060Y055060W011070L044080
#1177,7,N020000Y002000L020010P055010V010030Z033030W001040X001050F064050U010070T035070I010090
#1178,7,P060000U033000I000010X004010F021020Y071030T035030W033050N054050V020060Z003070L043080
#1179,7,I010000T035000U030010Z031020F023020Y070030W001040N015040P071060L035060V020070X003070
#1180,7,V010000X003000U024000F061010T002030N015030L070040P071040I005050W002060Z012070Y043080
#1181,7,L010000F072000V003000N074010Y031020W022020Z032040T010050I005050X003060P051070U012080
#1182,7,I010000T035000V010010Y031020L012020F074020W003040P010050X003050Z012070U024070N043080
#1183,7,L060000P034000F041010X003010Y010030N032030W014030I005040Z014050V020070U011070T024070
#1184,7,N070000P031000U033000X004010F050030W002030I005030Y010050L012050Z003060T021070V023070
#1185,7,W000000Y002000I000010U013010N071020Z002030P034030T011050L070060F044060X002070V035070
#1186,7,L000000Z024000V010010I005010W001020N011030Y034030F002040X001060T035060U010080P043080
#1187,7,P070000L002000F072010W003010Y010030U021030X004030Z013050I005050T034060V020070N001080
#1188,7,I010000T035000Y010010U021010Z023020P074030X001040W033050N015050L070060F013070V035070
#1189,7,I010000T035000P010010N021010L062030W000040U033040Y010050X004050Z021070F033070V035070
#1190,7,I010000T035000L010010F032010P014020W012030Z033040N050050Y012050X004060V020070U013080
#1191,7,P000000W033000Z024000Y035010I000020U001030X003030N044050T011060L035060V020070F014070
#1192,7,I000000V011000Z014000N035000F003020P011030L035030Y010050W013050T021070X003070U024070
#1193,7,I000000W021000P062000Y035000T011020X004030F032040N070050Z015050V022060U024070L020080
#1194,7,I000000P011000T002000Y055000F004020N031030W022030Z032050L035050X001060V023070U010080
#1195,7,I000000N021000V003000T011010P014020W012030X003040F050050Y055050U010070Z003070L043080
#1196,7,L070000P071000U033000Z014010F015020V010040X003040Y035040N031050T022060W003070I010090
#1197,7,I010000N035000P060010Z023010W020020T035030L020040Y044050F020060V020070X003070U024070
#1198,7,F050000V001000L014000I005010Y010020W022020Z021040P032050N054050U000070X002070T024070
#1199,7,N050000T001000F044000L035010I000020X003020Y071040W022040U024050P010070V022070Z033070
#1200,7,V020000L061000Y055000W002010P060030Z033030I000040F051050N002050T021070X003070U024070
#1201,7,W000000T002000Y055000I000010N071020F014020P024040X001050V003060U010070Z003070L043080
#1202,7,N050000W001000T003000I005010L070020Z032020P061040Y044050F020060V020070X003070U024070
#1203,7,P000000V003000X002010Z003010N050020F033030I000040T035040L061060W032070U033070Y044080
#1204,7,L010000P052000U033000X004010F041030N013030Y055030W020050Z003050V023060T010070I011090
#1205,7,T010000I011000F013010P034010V020030Z031030W003030N054050L070060U001060X003060Y044080
#1206,7,I010000N035000W000010T002010L070020Z031030P055030Y042050F044060U000070X002070V035070
#1207,7,I000000Y071000L002000T002010P034020X002030F034040N070050W021050Z024060V035070U010080
#1208,7,P060000V003000Y010010Z003010F042020T013030X001040N034050I005050L070060W012060U012080
#1209,7,I010000T035000L070010N021010Z031020P034030X002040W020050F034050V020070U024070Y001080
#1210,7,L010000X002000V003000W034010Y071020P024030I000040N062050Z015050T021070F052070U024070
#1211,7,P070000W002000L054000F072010Y010030U021030X004030Z013050I005050T034060V020070N001080
#1212,7,L060000P034000X001010W002010N070030F042030T035030U023050Y010060Z022060V035060I011090
#1213,7,P010000Z001000V003000U023010N050030F021030Y055030I000050W013050X004060T011070L045080
#1214,7,L010000F032000V003000Z014010U011030P034030Y010040W012050X004050N042070T035070I010090
#1215,7,N050000T001000P034000F063010I000020W034030Y035030L011040Z022060X004060V020070U013080
#1216,7,P070000Y002000W002010I005010F021020Z000030V020040L013040N054050U000070X002070T024070
#1217,7,V010000N043000W035000U001020P055020Y070030Z002030F052050I005050X001060T034070L020080
#1218,7,I010000T035000L010010P052010F023020N033030W011040Y055040X001060Z003060V023070U010080
#1219,7,L060000F014000Y035000W021010N050020Z014030V020040I005040P073050U000070X002070T024070
#1220,7,L060000P034000X001010W002010U010030N073030Y055030V010050Z021060F033060T035070I010090
#1221,7,U030000P003000X001010T035010Y010030V002030W012040I005040F033050N020070Z003070L020080
#1222,7,I000000L061000T035000X002010N054020U011030F014040Y070050W021050Z024060V035070P021080
#1223,7,I010000T035000V010010U001020F023020Z002030N050040Y035040W022050L070060X002070P024080
#1224,7,U030000V003000X001010P033010T010030L052030N015030W011050I005050Z032060F031070Y043080
#1225,7,N000000T003000P070010I005010W032020F063020Y074040L060050X001060Z002060V035070U010080
#1226,7,P070000L002000F072010W003010T000030X004030I000040N032040U013050Z032070V003070Y021080
#1227,7,I010000T035000P070010F062010X004020V010040U013040N031050W022050L054060Z032070Y021080
#1228,7,L070000P071000U033000Z014010Y035020F043030W000040I000050X004050T011060V035070N062080
#1229,7,I000000Y061000T035000F051010W034020N031030L035030Z014040X001060P013060V035070U010080
#1230,7,I000000W021000Y062000P034010F051020X004030T011040N070050Z015050V022060U024070L020080
#1231,7,L060000N044000X001010Y035010W013020I000030U011040F064040Z021060T035060V032070P043080
#1232,7,Y070000W021000P062000N035000L071030U002030T035030I000040X004050Z021070F033070V035070
#1233,7,L060000N044000F051010Y055010W020020Z003030I000040V023040P031050T021070X003070U024070
#1234,7,W020000P061000Z024000Y035010I000020U001030X003030N044050T011060L035060V020070F014070
#1235,7,P060000V003000Y010010W013010F074020Z031030N034040U030050I005050X001060T034070L020080
#1236,7,P070000Z022000W014000Y055010F050030V001030N074030I000050T012050L071060X003070U024070
#1237,7,L070000P041000V003000F004010U021020Z033030Y010040W012050X004050N042070T035070I010090
#1238,7,U030000V003000Z031010L053010T010020I005030W011040X003040F021060N074060P070070Y043080
#1239,7,P010000F021000V003000W034010Y070030Z031030L014030I005040N052050X001060T024070U010080
#1240,7,U000000P022000L054000F014010V000030X004030Z000040Y070050N053050I005050W032070T023070
#1241,7,I010000T035000V010010Z021020W003020L052030F012040P014040Y070060X002060U024070N043080
#1242,7,L060000P034000X001010F022010Y010030N032030W014030I005040Z014050V020070U011070T024070
#1243,7,U030000V003000Y051010W013010N054020I000030X003030Z001050F074050T021060P014070L043080
#1244,7,U000000Y022000V003000N002020L010030F002030Z033030W021050X004050P040070T035070I010090
#1245,7,V020000L061000Y055000F022010U030030X004030N011040W012050T035050Z012070P043070I011090
#1246,7,I010000N035000W000010T002010Y010020P055030U031040Z032050F020060L035060V020070X003070
#1247,7,I000000F051000Y002000T035010L031020P072030N054030W013050Z000060X004060V020070U013080
#1248,7,F050000Y001000W035000I000020N012020T035020P062040Z032050L035050X001060V023070U010080
#1249,7,N000000P063000I000010W021010V003020L031030Z014030F043050Y055050U000070X002070T024070
#1250,7,I000000L001000Y035000V001010P031020X004030F051040W020050Z015050T010070U024070N043080
#1251,7,I000000P071000U033000X004010F072020W035030Z001040L070050V021050Y055050T024070N042080
#1252,7,V000000U003000Y055000L010010F051020X004030N011040W012050T035050Z012070P043070I011090
#1253,7,N020000Y002000L020010P055010U030030Z033030X001040W033050F064050V020060T035070I010090
#1254,7,I010000Y055000T010010N001010W001030F023030P070040Z032050L035050X001060V023070U010080
#1255,7,I010000Y055000T010010N001010F041030W013030P034040L070050Z013050X004060V032070U013080
#1256,7,I010000Y055000P040010W002010U030030Z033030X001040F043050T010060L054060V034070N061080
#1257,7,V010000W013000Y055000T021010L073020N074020P000040Z012050X003060U024060F031070I011090
#1258,7,P070000F062000V003000W034010Y070030Z031030L014030I005040N052050X001060T024070U010080
#1259,7,P000000U033000F012010X004010T010030W002030I005030V001050Y010060Z001060N074060L021080
#1260,7,I010000Z015000V010010W001020L054020N011030Y034030F002040X001060T035060U010080P043080
#1261,7,T010000N001000L054000X001020U022020Y074020F050040W033050P055050V020060Z033070I010090
#1262,7,L000000P074000V010010Z021020F033020Y035020W033040U000050X004050N042070T035070I010090
#1263,7,N050000W001000V003000T024010Y070020L032020P063040Z033050U000060X002060F074070I010090
#1264,7,V010000Z013000L054000F014010P030030N072030X004030Y070050W035050U021060T035070I010090
#1265,7,L070000V011000F014000Y035000N072020W003030U000040Z001050X004050P040070T035070I010090
#1266,7,U030000V003000X001010P033010N050030L012030T035030I000050W003050Z013060F074070Y022080
#1267,7,I010000T035000L010010N012010F043020P074030X002040W020050Z015050V020070U024070Y001080
#1268,7,F020000U022000P034000N070010Z014020Y055030W020040X003040V020060L044060T035070I010090
#1269,7,L060000P024000W011010Y062020F021030Z024030I000040N071040V035040T021070X003070U024070
#1270,7,I000000L061000T035000X002010P014020N071030F003030W020050Z015050V020070U024070Y001080
#1271,7,W020000Y061000Z015000I000020N044020T011030L035030F014040P071060V020070X003070U024070
#1272,7,T010000I011000P063010N001020V010030F015030W001040X001050Y055050U010070Z003070L043080
#1273,7,N000000V003000F020010W034010I000020U024030Y001040T021050Z032050L035060X003070P040080
#1274,7,U030000P063000F031010Z033010V011030X004030N070040Y012040T035050L020070W003070I010090
#1275,7,I000000P011000T002000Y055000W034020Z021030N044040L045050F020060V020070X003070U024070
#1276,7,L010000Z032000V003000T011010N042030W034030Y035030I000050F051050X004060P011070U013080
#1277,7,F050000L001000Y035000W033010V020020Z023030N034040I005040P040050U000070X002070T024070
#1278,7,U000000N062000T035000V002020P000030W033030Y035030I000050Z013050X004060F032070L045080
#1279,7,N050000W001000T003000V035010Y070020L032020P063040Z033050U000060X002060F074070I010090
#1280,7,I010000Y055000P040010W002010U000030N022030Z001040T003050F020060L035060V020070X003070
#1281,7,I000000P071000V003000U023010F042020Z015030X001040L054050Y070060N062060W033070T024070
#1282,7,L010000X002000T003000I005010P011020N053020W020040Y053040F050060Z024060V035070U010080
#1283,7,P040000L002000F013010N034010W020020I005020T010040Y054040X001060Z002060V035070U010080
#1284,7,V010000X003000U024000P011010Z030030T003030N073040I005040L010050W001060F061070Y044080
#1285,7,Y060000P034000T010010W002010F041030X003030I005030U010050L074050Z013060V020070N022080
#1286,7,U030000V003000N011010W013010F074020T011030X004040I000050Y012050L071060Z015060P024080
#1287,7,I010000T035000P010010N021010F052030V003030W000040Y010050X004050Z021070U013070L022080
#1288,7,L010000X002000T003000I005010N031020P013020Y032030W003050Z000060F073060V020070U013080
#1289,7,P010000W001000T003000Y035010F012020X003030I000040N021050U024050L031060V022070Z033070
#1290,7,I000000W021000Y062000P034010T011020X004030F032040N070050Z015050V022060U024070L020080
#1291,7,Y010000T001000F044000I005010W021020N053020L010040U031050X002060Z024060V035070P040080
#1292,7,V010000X003000U024000F061010N032030P073030I005030L010040T034050W011070Z033070Y022080
#1293,7,P000000U033000Z012010F074010L001030V010040X003040Y035040N031050T022060W003070I010090
#1294,7,L010000W012000P024000Y062020F021030Z024030I000040N071040V035040T021070X003070U024070
#1295,7,T010000I011000N043010Y055010L060030F004030W011040P032050X001060Z024060V035070U010080
#1296,7,U030000N073000P034000X001010F050030W002030I005030Y010050L012050Z003060T021070V023070
#1297,7,L070000P041000V003000F004010W001020U000040X002040Z024040Y035050T010070N001070I011090
#1298,7,U030000V013000F031010L054010Y034020N061030X002040W020050Z015050T010070P024070I011090
#1299,7,U000000X002000V003000P054010N050030L051030T035030I000050W003050Z013060F074070Y022080
#1300,7,Y060000N044000L020010P055010V010030Z033030W001040X001050F064050U010070T035070I010090
#1301,7,L010000Z032000V003000Y011010F073020I005030T010040W002040N001060U000070X002070P024080
#1302,7,I010000T035000N000010L010020F014020P011030Y055030W013050Z000060X004060V020070U013080
#1303,7,L060000U024000X001010T002010P010030N072030F044030I005040V010060W034060Z021070Y044080
#1304,7,P000000N053000L054000Y042010V010030Z033030W001040X001050F064050U010070T035070I010090
#1305,7,I000000L061000T035000P052010F023020N033030W011040Y055040X001060Z003060V023070U010080
#1306,7,L000000P034000U000010X002010F034020N000040V034040I005040Z000050Y070060W033070T024070
#1307,7,I000000N071000W022000P063000Y035020T021030F043030X004050V010060Z021070U013070L022080
#1308,7,L010000P052000U033000F074010X001030V002030W033040N035040I000050Z013060T035070Y022080
#1309,7,P000000U033000Z012010F074010V011030X004030N070040Y012040T035050L020070W003070I010090
#1310,7,L010000Z032000V003000F051010U011030P034030Y010040W012050X004050N042070T035070I010090
#1311,7,I010000T035000Y010010F021010X004020Z031030P055040L070050U001050W002060V035070N042080
#1312,7,P000000U033000Z012010N054010X003020Y011030L070040F014040W035050V032060T035070I010090
#1313,7,P060000U033000Z030010X004010L070030V021030F073030I005030N062060T010070W003070Y043080
#1314,7,T000000V003000Y070010P062010Z032020I005030W011040F033040X001060L073060N074060U010080
#1315,7,L050000V012000T035000I000010P033020X002030Y035030F071050W023050U000070Z033070N021080
#1316,7,P070000L072000U033000X004010N011020W035030V011040Z032050I005050T010060F073070Y021080
#1317,7,T010000I011000F013010P034010U000030W003030N001040X002050Y010060L054060Z013070V034070
#1318,7,U030000V013000N011010L054010X002020Y034020F051040W020050Z015050T010070P024070I011090
#1319,7,N000000V003000Z000010F014010Y070020T034030I005030W011050X003050P051070U012070L045080
#1320,7,L010000X002000P063000Y031020F043020N015020W022040I005040Z030050V020070U011070T024070
#1321,7,P010000Y061000T035000V002020L060030I005030W011040X003040F041060N074060Z002070U010080
#1322,7,I010000W035000U000010F042010Y055020X003030P040040Z014050L010060T035060V021070N002080
#1323,7,I000000P071000V013000L054010X002020Y034020F051040W020050Z015050T010070U024070N043080
#1324,7,U030000P013000L054000X001010Z030030V002030N073040I005040F020050Y070060T022070W023070
#1325,7,T000000N063000I000010L054010X002020U023020F051040W034050Y035050Z000060V020070P043080
#1326,7,L060000N044000W021010F015010Y010020I005030T021040V002040Z002050U000070X002070P024080
#1327,7,F050000I011000V003010T010020L052020Y074020W011040X002050P055050U000070Z033070N021080
#1328,7,I010000T035000W020010N021010F050030Z023030Y055030V020050L044050X003070U024070P040080
#1329,7,P060000U033000F050010X004010L070030W012030Z015030T022050Y054050I005050V020070N001080
#1330,7,F050000L001000Y035000W033010I000020N043030Z014040V035040T021050X003070U024070P040080
#1331,7,L010000W012000P034000X003010N011030F062030Z024030I005040Y061060V020070U011070T024070
#1332,7,L060000N044000Y021010P055010V010030Z033030W001040X001050F064050U010070T035070I010090
#1333,7,I000000Y061000Z015000N051010P034020T021030W023030L043050F044060U000070X002070V035070
#1334,7,T000000P023000V035000Y070010Z032020I005030W011040F033040X001060L073060N074060U010080
#1335,7,W000000Z002000P034000Y010010L001030V035030N061040F012050X003060U024060T010070I011090
#1336,7,T010000I011000N043010Y055010P010030W001030Z003030L022050F020060V020070X003070U024070
#1337,7,U000000P022000Z024000N035010F072020Y010030X002040W035040L021060V035060T010070I011090
#1338,7,P010000Y061000T035000V002020L010030W012030I005030X003040F041060N074060Z002070U010080
#1339,7,V010000X003000U024000P011010Y010030T003030W012040I005040F033050N020070Z003070L020080
#1340,7,I000000Y071000Z032000V003000F003020U024030W011040P042050X001060T035060L020080N002080
#1341,7,P000000V013000Z012010L054010Y034020N061030X002040W020050F015050T010070U013070I011090
#1342,7,I010000T035000P000010N042020X004020U000040F042040Z015040W034060Y035060V010070L021080
#1343,7,N000000T003000Z000010I005010Y070020F022020U012040X001050W033060L054060V020070P054070
#1344,7,P060000U033000F050010X004010Z030030W002030L035030I000050Y011050T023050V035070N062080
#1345,7,I010000Y055000T010010N001010L061030W020040F052040V003040Z030060X004060P040080U013080
#1346,7,L060000N044000X001010Y055010F033020I000030W021040P043040T011060Z024060V035070U010080
#1347,7,I000000L061000T035000X002010F074020N071030P062040W020050Z015050V020070U024070Y001080
#1348,7,W000000Y002000N050010U013010I000030F052030V003030Z001050X004050T021060P055070L043080
#1349,7,I000000T011000L002000Z014010P055020N031030F003030X002050W035050U000070V035070Y061080
#1350,7,P000000W033000L054000I004010F050020Y033020T010040N035040X001060Z002060V035070U010080
#1351,7,W020000Y061000Z015000T010020L054020P023030N011040X002050U023050V035060F031070I011090
#1352,7,L060000W034000N035000F041010T010030U022030I005030Y034040X001050P010070V022070Z033070
#1353,7,P070000W002000L054000X002010N070030U011030F064030T012050I005050Y010060Z013070V034070
#1354,7,I010000Z015000V010010U001020P034020W002030T010040F003050Y055050X001060L020080N002080
#1355,7,I000000P001000W034000Y035000T011020X004030F032040N070050Z015050V022060U024070L020080
#1356,7,L060000P034000X001010W002010Y010030N032030U013030V003050F072060Z003060T010070I011090
#1357,7,P000000U033000F012010X004010L070030W012030Z015030T022050Y054050I005050V020070N001080
#1358,7,L060000F014000N035000W021010Y010020I005030T021040V002040Z002050U000070X002070P024080
#1359,7,N070000L061000W035000U002010I005020T010030Y054030X001050Z002050V020070F072070P055070
#1360,7,T000000W013000Y055000V020010L073020N074020P000040Z012050X003060U024060F031070I011090
#1361,7,I000000Y061000T035000F051010X004020Z031030P055040L070050U001050W002060V035070N042080
#1362,7,T000000P063000I000010W002010F072020Y035020N021040X001050V003060U010070Z003070L043080
#1363,7,I010000T035000V010010N031020P012020W003020F014040X001050Y055050U010070Z003070L043080
#1364,7,T000000W013000Y055000I000010Z013020V034020L035040N061050F014050U000070X002070P024080
#1365,7,L010000Z032000V003000T011010X002030P063030W020040U033050Y070060F074060N021070I011090
#1366,7,I010000T035000V010010L061020N062030Y035030W020040F043040Z030060X004060P040080U013080
#1367,7,L060000N044000F051010W035010Y010020I005030T021040V002040Z002050U000070X002070P024080
#1368,7,P070000Y002000W012010T035010F050030N002030X003040Z030050I005050L034060V020070U011070
#1369,7,I010000P055000T000010F003010L070020X002030W035030Z015050V010060N021070U024070Y021080
#1370,7,I000000U001000F043000Y055000T034020Z031030N015040P000050W012060L035060V020070X003070
#1371,7,I010000T035000L010010N012010P023020F015030X002040W020050Z015050V020070U024070Y001080
#1372,7,Y070000L061000T035000Z032010F041030X003030I005030W020050U012050V020070N043070P024080
#1373,7,L070000V011000N044000T035010F052020U000040X002040Y034040I005040P010070Z001070W023070
#1374,7,L060000P034000X001010U022010N054020W020030V002040I000050Z013050T035060F032070Y044080
#1375,7,W020000I011000L002010F050020Y033020N054020T010040V034040X001060Z015060U010080P024080
#1376,7,I010000T035000Y010010Z001010F023020N031030W002040L035040X002050V020070U011070P024080
#1377,7,P010000W001000T003000Y035010Z012020X003030N011040U012050V035050F061060L002080I010090
#1378,7,U030000V003000P051010W013010X004020L060040Y055040N061050F072060Z003060T010070I011090
#1379,7,P060000U033000Z030010X004010L010030F013030I005030W034040V021050N074060T010070Y043080
#1380,7,I010000T035000Y010010W001010P014020Z021030N022040L022050F020060V020070X003070U024070
#1381,7,U000000P022000Z024000N035010X002020Y010030F013040W035040L021060V035060T010070I011090
#1382,7,W020000P061000L054000I004010F050020Y033020T010040N035040X001060Z002060V035070U010080
#1383,7,I010000T035000V010010L001020F031030Z002030Y055030W011050N062060X003070U024070P040080
#1384,7,L070000P071000V003000W013010F034020U000040X002040Z024040Y035050T010070N001070I011090
#1385,7,U000000X002000V003000P054010W020030N021030I005030Y010050F043050T024060Z021070L022080
#1386,7,I010000T035000P010010F021010X004020V010040U013040N031050W022050L054060Z032070Y021080
#1387,7,L070000V011000F014000Y035000Z032020P070040W002040I005040N052050X001060T024070U010080
#1388,7,L010000X002000T003000I005010Y011020F063020N070040Z014040W033060P074060V020070U013080
#1389,7,U000000N062000Z015000T032020L054020P073030W000040I000050X004050Y011060F033070V035070
#1390,7,P000000U033000F012010X004010Z030030W002030L035030I000050Y011050T023050V035070N062080
#1391,7,L010000X002000T003000I005010N071020F073020Y010040W023040V011060Z002070P034070U010080
#1392,7,P070000L002000F042010X004010N070030U011030W035030T012050I005050Y010060Z013070V034070
#1393,7,P000000V013000Z012010L054010F014020X001030T034040Y010050I005050W012060U023070N042080
#1394,7,W020000Y061000Z015000I000020P034020U001030X003030N044050T011060L035060V020070F014070
#1395,7,V010000F073000L054000Z031010Y070030P031030X004030U013050W011060N062070T035070I010090
#1396,7,P060000V013000T010010Z024010Y035020W001030F020040I000050X004050N012060U013070L022080
#1397,7,V010000N043000W035000F021020Y055020L050030I000040Z003040P072050T021070X003070U024070
#1398,7,L010000N012000P063000Z033010T012020W000040U033040I000050X004050Y011060F033070V035070
#1399,7,P070000L002000X002010F023010N070030U011030W035030T012050I005050Y010060Z013070V034070
#1400,7,V020000L061000Y035000T002010N050030Z001030X004030I000050W035050F042060P055070U011080
#1401,7,V020000Z031000Y002000W035010P000030T035030F032040I000050X004050N012060U013070L022080
#1402,7,W020000P061000Z024000V035010I000020L071030T012030F015040X003060Y035060U000070N021080
#1403,7,L060000Z014000Y035000P051010F033020W000040U033040I000050X004050T011060V035070N062080
#1404,7,U000000N062000Z015000X002020P074020Y010030F013040W035040L021060V035060T010070I011090
#1405,7,T000000V003000I000010P002010X004020W001030F061040N015040Z002060L035060U030070Y021080
#1406,7,I010000T035000N000010L010020F074020Z001030V021040W003040Y010060X004060P052070U013080
#1407,7,L000000P034000Y010010Z001010F023020N031030W002040I005040X002050V020070U011070T024070
#1408,7,L070000U031000P034000X002010F034020N000040V034040I005040Z000050Y070060W033070T024070
#1409,7,L010000F032000T003000Y035010W032020N033020X004040U000050V001060P055060Z012070I011090
#1410,7,L060000U024000X001010T002010N050030W022030P034030I000050F052050Y055060V021070Z032070
#1411,7,L060000N044000F031010T035010P051030U032030X003040I005040V010060W034060Z021070Y044080
#1412,7,L060000P024000W011010X002020U023020I005020N020040Y010050T034050Z021070F033070V035070
#1413,7,P000000U033000F012010X004010I000030W012030T035030V012050N031060Z023060Y055060L044080
#1414,7,V010000F073000L054000Z031010Y010030U021030X004030N013050W035050P051060T035070I010090
#1415,7,L010000F032000T003000I005010P072020N011030W034030Z031050Y014050U000070X002070V035070
#1416,7,P070000L002000F042010X004010Y070030U011030W035030T012050I005050N011060Z013070V034070
#1417,7,I010000W035000L060010Z001020F015020P030030T035040N050050Y012050X004060V020070U013080
#1418,7,T010000I011000P063010N061020F052030V003030W000040Y010050X004050Z021070U013070L022080
#1419,7,U030000V013000P011010Z024010Y070020N035020W012040X003050I005050F050060T034070L020080
#1420,7,P010000T001000W014000Y055010L060030F014030X001040U024050V020060N062060Z033070I010090
#1421,7,L060000P074000V011010I000020Z002020Y055020F002030W021050X004050U000070T035070N021080
#1422,7,W000000T002000Y055000P010010Z014020I000040N051040U033040X004050L031060F033070V035070
#1423,7,L060000Z024000N061010Y035010F012020X003030T010040W034050I005050U001060V020070P054070
#1424,7,U000000Y022000V003000Z022020N054020L010030F063030W021050X004050P040070T035070I010090
#1425,7,I010000N015000T000010P053010L070020Y035020Z001040W023040F020060V020070X003070U024070
#1426,7,L000000P034000U000010X002010N054020F073030W000040I000050T013050Y011060Z014070V035070
#1427,7,I010000T035000P010010F021010W034020Y055030N070040L021040Z022060X004060V020070U013080
#1428,7,I000000L071000Z032000V003000F022020W035030P051040N072040Y055050U000070X002070T024070
#1429,7,P000000W033000Z024000Y035010T010020X003030N011040U012050V035050F061060L002080I010090
#1430,7,L010000X002000V003000F004010N071020Z002030I000040U024040T011050W032070P063070Y023080
#1431,7,Y060000P034000T010010W002010X001030F022030I005030U010050L074050Z013060V020070N022080
#1432,7,I010000T035000L070010N021010F051020W034030Y035030P030050Z022060X004060V020070U013080
#1433,7,I010000T035000L010010X002010P014020N071030F003030W020050Z015050V020070U024070Y001080
#1434,7,W020000P061000N034000I005000Y070020F021030T024030X001050V003060U010070Z003070L043080
#1435,7,L060000Z024000N061010Y035010P052020V020030W023030F053050U000060X002060T035070I010090
#1436,7,L010000N012000U033000Z014010F015020Y060040T035040I000050X002050W034060V021070P055070
#1437,7,I010000Y055000T010010N001010L001030V010040F013040W035040X001060Z015060U010080P024080
#1438,7,I000000V011000Z014000Y035000W023020N031030L072030F053040X001060T035060U010080P043080
#1439,7,P000000W033000Z024000V035010I000020L071030T012030F015040X003060Y035060U000070N021080
#1440,7,P070000W002000L054000X002010Y070030U011030F064030T012050I005050N011060Z013070V034070
#1441,7,L000000Z024000V010010Y035010F021020N011030W003040U001050X003050T010070P024070I011090
#1442,7,I000000L061000Y055000W002010P071020F053030Z012040T033050N015050U000070X002070V035070
#1443,7,U000000Y022000V003000N002020F020030Z002030I000040L054040X002050W034060T021070P024080
#1444,7,I010000N015000T000010P053010Y070020L035020W032040Z023040F044060U000070X002070V035070
#1445,7,L000000P074000U000010X002010N035020Z023030V010040F061050T035050Y042070W003070I010090
#1446,7,I010000T035000L010010X002010N054020U011030F014040Y070050W021050Z024060V035070P021080
#1447,7,P000000U033000Z012010F074010L061030Y070040X002040V003040N074050T023060W011070I011090
#1448,7,P000000T003000N042010I005010Z013020L070030F014030W001050Y014050U000070X002070V035070
#1449,7,V010000Z013000L054000F014010Y070030P031030X004030U013050W011060N062070T035070I010090
#1450,7,U030000V013000X001010L054010T034020F050030Z033040I000050N012050W013060P034070Y043080
#1451,7,P010000W001000V003000T024010F002020Y010030N044040Z031050I005050L034060U000070X002070
#1452,7,I010000T035000L070010U001010N002020Z033030F032040Y070050X004050W022060V035070P021080
#1453,7,U000000N062000T035000V002020W020030P061030Y035030I000050Z013050X004060F032070L045080
#1454,7,P030000V012000Z015000W020020F014020N035020T010040Y053050I005050X001060L034060U010080
#1455,7,L010000F042000U024000Z023010V021020P034030Y010040W012050X004050N042070T035070I010090
#1456,7,P010000F021000V003000W034010L050030Z014030Y035030I000040N013050X004060T021070U013080
#1457,7,I010000T035000Y010010F021010W034020N031030L035030Z014040X001060P013060V035070U010080
#1458,7,I000000P071000U033000Z014010Y035020T021030F043030X004050L070060N071060W022060V035070
#1459,7,L060000N044000F031010T035010U031030P014030I000040X002040W021060V003060Z003070Y021080
#1460,7,U000000Y022000V003000W012020N054020I000030X003030Z001050F074050T021060P014070L043080
#1461,7,I010000T035000L070010U001010Z002020N054020F032040Y070050X004050W022060V035070P021080
#1462,7,N000000V003000P070010Z014010Y011030U033030I000040X004040W022050L035060T021070F052070
#1463,7,I010000T035000V010010L061020F042030N014030Y035030W020040Z030060X004060P040080U013080
#1464,7,P000000X003000U024000Z000020F052020I000030W035030L031050N052050Y055050V032070T024070
#1465,7,T000000F033000U024000I000010Z013020P024030X002040W034050Y035050L010060V021070N002080
#1466,7,P010000T001000W014000I005010N034020L010030F042030Z031050Y014050U000070X002070V035070
#1467,7,I010000T035000L010010X002010F074020N071030P062040W020050Z015050V020070U024070Y001080
#1468,7,V000000U033000P070010X004010N001030I005030L010040F032040T034050W011070Z033070Y022080
#1469,7,I010000T035000P070010N072010F023020X001030Z015040U010050W034060Y035060V010070L021080
#1470,7,V020000L061000Y055000W002010Z030030N001030T035040I000050F051050X004060P011070U013080
#1471,7,I010000Y035000W000010T002010N050020X004030L070040F062040Z015050U012070V035070P040080
#1472,7,P070000Z032000V003000N001020U030030T035030X001040W033050F064050Y070060L045070I011090
#1473,7,I000000N071000F052000V003000X004020P011030U013040T010050Z023060Y055060W011070L044080
#1474,7,V010000F013000Z024000L035010Y011020I000030W013030X003050U024050N031060T022070P063080
#1475,7,L060000P024000W011010Y062020Z001030F044030I000040N071040V035040T021070X003070U024070
#1476,7,N050000F021000V003000W034010I000020U024030Y001040T021050Z032050L035060X003070P040080
#1477,7,L010000F032000V003000Z014010P011030U033030I000040X004040N001060Y035060T021070W022070
#1478,7,I010000T035000U000010Y022010N042030P034030W033040L010050X004050Z021070F033070V035070
#1479,7,U030000P013000L054000X001010F050030V002030W033040N035040I000050Z013060T035070Y022080
#1480,7,P040000Y062000N034010I005010L010020W012020X002040T024040Z000060V020070F022070U024070
#1481,7,Y000000W034000N035000P070010L071030U002030T035030I000040X004050Z021070F033070V035070
#1482,7,Z000000L062000Y070010T003010N073020I005020W032030P042050F020060V020070X003070U024070
#1483,7,I010000W035000P010010T001010N035020L013030U030040X001050Y055050V020070F072070Z003070
#1484,7,V020000Z031000Y002000I005010L044020T010030W013040N011050X004050F061070U022070P055070
#1485,7,T000000P023000V035000Y070010F052020I005030W011040Z014040X001060L073060N074060U010080
#1486,7,Y010000N001000U024000X002010L021030V003030Z030040F023050P070060W033060T035070I010090
#1487,7,L010000N012000P063000Z033010T022020W003030Y010040X002050U023050V035060F031070I011090
#1488,7,F020000L002000N070010W013010Y054020I005020T010040Z002040P071060V020070X003070U024070
#1489,7,I010000T035000P070010F062010W034020Y055030N070040L021040Z022060X004060V020070U013080
#1490,7,N050000F021000T003000L035010I000020X003020Y071040W022040U024050P010070V022070Z033070
#1491,7,V010000F043000Y055000W021010T024020P070030Z032040X001050I005050N053060U010070L043080
#1492,7,I010000Y055000Z030010N001010L070030T011030W003030P002050F044060U000070X002070V035070
#1493,7,P070000L002000W012010X004010N070030F042030T035030U023050Y010060Z022060V035060I011090
#1494,7,I010000N035000T010010Y001010W011030F073030L035030X001050U022050P010070Z014070V035070
#1495,7,I000000N021000V003000F051010X004020P011030U013040T010050Z023060Y055060W011070L044080
#1496,7,F050000V001000L014000I005010P010020W022020Z012040Y053050N054050X001060T024070U010080
#1497,7,L060000Z014000V035000F001010T010030U033030X004040N011050W022050Y035060P041070I010090
#1498,7,N050000T001000P034000F063010Y070020Z014030I005030X001050L053050W033060V020070U013080
#1499,7,I010000Y035000P040010T002010U030030F074030X001040W033050N054050V020060Z003070L043080
#1500,7,N050000W001000T003000V035010L070020Y032020P063040Z033050U000060X002060F074070I010090
#1501,7,L010000X002000V003000W034010N071020P024030Y010040F033050U024050T021060Z033070I010090
#1502,7,W020000Y061000Z015000T010020P034020X003030N011040U012050V035050F061060L002080I010090
#1503,7,I000000Y071000L062000U033010X004020F032030P055040T010050Z002050W011070V035070N062080
#1504,7,I010000Z015000P060010W020020N044020T035030L020040Y044050F020060V020070X003070U024070
#1505,7,P070000L002000X002010F023010Y070030U011030W035030T012050I005050N011060Z013070V034070
#1506,7,N070000Y001000W035000Z001010P055020T010030X003040F071050I005050L034060V020070U011070
#1507,7,I010000Y035000P040010T002010V010030F074030W001040X001050N054050U010070Z003070L043080
#1508,7,L010000F072000T003000Y035010W001020X001030Z014040I000050N015050U011060V035070P001080
#1509,7,L060000Z024000V011010I005010Y070020T012020W013040N011050X004050F061070U022070P055070
#1510,7,P000000T003000W012010L035010I000020X003020N021040Y011050Z015050V020070F052070U024070
#1511,7,P070000L002000X002010W003010N070030U011030F064030T012050I005050Y010060Z013070V034070
#1512,7,U030000V013000P011010Z024010N070020Y035020W002040I000050X002050F015060T011070L045080
#1513,7,I000000P031000U033000X004010T011020Z015030Y052040N050050W014050L035060V020070F014070
#1514,7,I010000N035000P040010T002010U030030F015030X001040W033050Y055050V020060Z003070L043080
#1515,7,I000000L061000T035000X002010W034020V021030Y055030P010050F014050Z012070U024070N043080
#1516,7,L010000V012000Z015000Y071010W034020N035020T010040F073050I005050X001060P013070U010080
#1517,7,P000000V013000Z012010L054010T034020X001030F073040Y010050I005050W012060U023070N042080
#1518,7,L060000Z024000N061010I005010Y022020F050030W033040T024040V020050X003070U024070P040080
#1519,7,P010000T001000W014000Y055010N050030F021030Z003030I000050X003050L035060V021070U012070
#1520,7,U030000V013000X001010P074010T010030L052030N015030W011050I005050Z032060F031070Y043080
#1521,7,P070000Y062000U012010I005010L021020T010030W013040N011050X004050Z021070F033070V035070
#1522,7,I010000T035000L010010X002010W034020V021030Y055030P010050F014050Z012070U024070N043080
#1523,7,L060000P074000V011010I000020Z022020Y055020F063030W021050X004050U000070T035070N021080
#1524,7,T010000L001000I005000N053010P041020F050030X003040Z030050W035050U000070V035070Y061080
#1525,7,I010000F015000V010010Y031020U002020T035020X004040P010050W022050L035060Z012070N043080
#1526,7,N000000T003000P040010I005010Z013020L070030F014030W001050Y014050U000070X002070V035070
#1527,7,I010000N035000T010010Y001010X001030W002030L035030F050050U022050P010070Z014070V035070
#1528,7,L010000V012000Z015000Y071010F044020I005030T010040W002040N001060U000070X002070P024080
#1529,7,Z000000L062000Y070010V003010P053020N074020F051040W020050X004050T010070U013070I011090
#1530,7,L060000Z014000V035000F001010Y070030N043030P055030W012050X003060U024060T010070I011090
#1531,7,L010000N062000Y055000X003010W021020F064030I000040P011040Z015050T021070U012070V035070
#1532,7,V020000Z031000Y002000W035010U030030F015030X001040N053050I005050L070060P052060T023070
#1533,7,I010000Y055000L010010W002010P071020F053030Z012040T033050N015050U000070X002070V035070
#1534,7,I000000Y061000Z015000W021010P074020T021030U022040N015040F020060L035060V020070X003070
#1535,7,T010000I011000Z013010P034010V020030F072030W003030N054050L070060U001060X003060Y044080
#1536,7,N070000P041000V003000Z014010T010030U033030X004040F001050W022050Y035060L020070I010090
#1537,7,I010000N015000F020010U022010L070020Y035020T001040W003050Z000060X003060V020070P024080
#1538,7,N050000Y061000P055000F003010L070020X002030I005030W034040Z000060T034060V020070U013080
#1539,7,I010000Z015000V010010W001020P074020X001030F015040U010050Y043060L035060T010070N043080
#1540,7,W020000Y061000Z015000P010020N044020T035030X002040I000050F034050L071060U012070V035070
#1541,7,I010000W035000N050010T001010P055020Y070030F003030Z032050L035050X001060V023070U010080
#1542,7,L010000Z032000V003000F051010N071030X003030U024030Y070040T023060P034060W011070I011090
#1543,7,I010000Y035000U000010N062010W033020X004030L020040T035050Z000060F052060V020070P024080
#1544,7,P040000L002000N043010W020020F014020I005020T010040Y054040X001060Z002060V035070U010080
#1545,7,U030000V013000F031010L054010T034020X001030Z033040I000050N012050W013060P034070Y043080
#1546,7,U030000V003000X001010Z003010N073020Y070030F002030I005040L001060P070070T022070W023070
#1547,7,I000000V011000N044000T035010P052020W003030F013040Y010050X004050Z021070U013070L022080
#1548,7,T000000F043000Y055000I000010N012020W034020L054040U032050Z000060X003060V020070P024080
#1549,7,V020000L061000Y055000W002010N050030Z001030F053030I000050T035050X002060P014070U011080
#1550,7,V020000Z031000L002000N054010Y000030F004030P070040W012050X003060U024060T010070I011090
#1551,7,P070000Y002000W002010I005010F041020Z022030V020040L013040N054050U000070X002070T024070
#1552,7,P010000W001000T003000V035010F002020Y010030N044040Z031050I005050L034060U000070X002070
#1553,7,V020000I011000Y001010P055010L010030F002030Z033030W021050X004050U000070T035070N021080
#1554,7,L010000Z032000V003000T011010N062030P055030Y010040W033040X003060U024060F031070I011090
#1555,7,I010000T035000N000010P040020X004020U000040F042040Z015040W034060Y035060V010070L021080
#1556,7,L010000F072000V003000T024010Z001020N011030Y054040I005040W001050X001060U010080P043080
#1557,7,P070000Z022000W014000I005010L044020T010030N043040Y044050F020060V020070X003070U024070
#1558,7,I010000N035000P040010T002010L010030X002030W035030Y011050Z015050V020070F052070U024070
#1559,7,V020000Z031000Y002000W035010P060030F015030T010040X003050I005050N011060U012070L021080
#1560,7,Y060000Z014000V035000W020010I000030F073030L054030T011040N062060X003070U024070P040080
#1561,7,P000000X003000U024000I000020V021020L022020N044040F061050T035050Z012070W003070Y043080
#1562,7,P000000X003000U024000I000020Y071020F052020W035030Z032050L035050T011060V020070N022080
#1563,7,I000000Y061000Z015000N051010W014020T021030P055030L043050F044060U000070X002070V035070
#1564,7,V020000L061000Y055000W002010P070030N072030Z033030X001050F064050U010070T035070I010090
#1565,7,P070000Z022000W014000Y055010N050030T001030F004030I000050X003050L035060V021070U012070
#1566,7,U000000X002000P063000T003020V000030N073030I005030L010040Z031050W011070F074070Y022080
#1567,7,I000000P071000V003000W013010F074020N031030U002040X004040Z031060Y055060T010070L044080
#1568,7,T010000I011000P063010N001020U030030F015030X001040W033050Y055050V020060Z003070L043080
#1569,7,I010000Y055000P000010F033010Z000030W003030V020040L052040N054050U000070X002070T024070
#1570,7,L060000P074000U031010I000020F032020W035020X002040Y055040T011060Z003060V020070N022080
#1571,7,P000000T003000N042010I005010X003020U000030Z001040F004040Y070060W021060V003070L044080
#1572,7,U030000V013000X001010P074010N050030L012030T035030I000050W003050Z013060F074070Y022080
#1573,7,L050000T012000V003000I000010W013020N014030Y035030F061040Z012060X004060P021080U013080
#1574,7,P070000W002000L054000F072010V000030X004030Z000040Y070050U013050N062070T035070I010090
#1575,7,P070000Z022000W014000I005010N014020U030030X001040T024040Y070060F002060V003070L044080
#1576,7,L010000N012000U033000X004010W022020V035030T000040I000050F062050P034060Z013070Y044080
#1577,7,U000000F042000L054000P073010V000030X004030Z000040Y070050N053050I005050W032070T023070
#1578,7,T010000Y001000W035000F041020I005020P002030N070040L044040Z022060X004060V020070U013080
#1579,7,I010000T035000P000010N002020L000030U030040W014040X001050Y055050V020070F072070Z003070
#1580,7,P070000Y062000U012010I005010F031020Z023030W011040V034040X001060T035060L020080N002080
#1581,7,I010000T035000N000010W000020X004020P010030U013040F052050L010060Y055060V021070Z032070
#1582,7,N020000L002000T010010X004010P051030W002030I005030F062040Y070060Z003060U021070V023070
#1583,7,N050000W001000V003000T024010L070020Y032020P063040Z033050U000060X002060F074070I010090
#1584,7,L070000U031000P034000X002010N054020F073030W000040I000050T013050Y011060Z014070V035070
#1585,7,I010000N035000T010010Y001010F031030W002030L035030X001050U022050P010070Z014070V035070
#1586,7,V010000Z013000L054000F014010Y010030U021030X004030N013050W035050P051060T035070I010090
#1587,7,I010000V035000W020010Y061010P010030X003030L054030T032050F004050U000070Z033070N021080
#1588,7,U030000P063000F031010Z033010Y011030N002030L070040X003040W035050V032060T035070I010090
#1589,7,N000000T003000Z000010I005010L070020W002020P061040Y044050F020060V020070X003070U024070
#1590,7,P070000Z022000W014000I005010N034020Y060030U010040T034050F020060L035060V020070X003070
#1591,7,P070000T002000Y055000W032010Z014020I000040N051040U033040X004050L031060F033070V035070
#1592,7,P060000U033000T010010X004010F031030W002030I005030V001050Y010060Z001060N074060L021080
#1593,7,V020000L061000Y055000F022010P000030X004030Z012040U013050W011060N062070T035070I010090
#1594,7,I010000T035000P000010X002020W003020Y010030F003040N054040L071050Z032060V020070U013080
#1595,7,I010000W035000L060010P021020Y055020F063030V010040Z031050N054050U000070X002070T024070
#1596,7,I000000P071000U033000X004010N012020F033030V035030T010050Z023060Y055060W011070L044080
#1597,7,L060000P034000W011010X003010N011030F062030Z024030I005040Y061060V020070U011070T024070
#1598,7,P000000X003000U024000Y010020N021020L045030F061040W033050Z024050V035060T010070I011090
#1599,7,I010000T035000U000010Y022010X002030P063030W020040Z023050N015050L070060F051070V035070
#1600,7,L000000Z024000V010010I005010F021020N011030W034030T021050Y044050X003070U024070P040080
#1601,7,N000000T003000P040010I005010X003020U000030Z001040F004040Y070060W021060V003070L044080
#1602,7,I000000W021000P062000Y035000F051020X004030T011040N070050Z015050V022060U024070L020080
#1603,7,W020000I011000V002010L035010F050020Y033020T010040N044050X001060Z015060U010080P024080
#1604,7,L010000F032000V003000Z014010N071030X003030U024030Y070040T023060P034060W011070I011090
#1605,7,W020000Y061000Z015000T010020P074020F003030N051040V035040I000050L071060X003070U024070
#1606,7,I010000T035000V010010N031020L012020X004020U013040F031050P063060W011070Z033070Y022080
#1607,7,T000000X003000U024000I000010Y022020W035030V011040F062050P055050L070060Z033070N021080
#1608,7,N020000Y002000I000010T035010P041020X004030Z021040W002050L035050F012060V023070U010080
#1609,7,P030000V012000Z015000F050020W034020N035020T010040Y053050I005050X001060L034060U010080
#1610,7,I010000T035000U000010X002010Y014020F013030W020040N035040L073050Z030060V035070P040080
#1611,7,L060000N044000X001010Y055010W033020I000030F004030P061050T011060Z024060V035070U010080
#1612,7,U030000P003000X001010T035010Z030030V002030N073040I005040L010050W001060F061070Y044080
#1613,7,U000000X002000V003000W034010P030030Z014030N035030F050050T023050Y035060L020070I010090
#1614,7,P010000T001000W014000Y055010N000030Z003030F020040I000050X003050L035060V021070U012070
#1615,7,V010000N043000W035000P051020Y072020T035020X004040I000050Z031050L035060U001070F014070
#1616,7,L060000N044000W021010T035010P010020X004030F032040I000050Y055050U002060V021070Z003070
#1617,7,V010000X003000U024000W021010P030030Z014030N035030F050050T023050Y035060L020070I010090
#1618,7,L010000X002000T003000I005010Y031020F073020W002040U010050Z013060P055060V020070N022080
#1619,7,Y070000L061000T035000Z032010F031030U022030N015030X001050I005050W033060V020070P054070
#1620,7,V020000L061000Y055000W002010P000030Z033030F062040U000050X004050N042070T035070I010090
#1621,7,I010000N035000F050010Y001010L070030W012030T035030U002050X004050V020070Z031070P055070
#1622,7,P070000L002000X002010W003010Y070030U011030F064030T012050I005050N011060Z013070V034070
#1623,7,P060000U033000F050010X004010I000030W012030T035030V012050N031060Z023060Y055060L044080
#1624,7,N050000T001000P024000L070020X003020U024020Z001040V003050Y070060W021060F004060I011090
#1625,7,N000000T003000F020010L035010I000020X003020Y071040W022040U024050P010070V022070Z033070
#1626,7,V000000U033000P070010X004010N061030I005030F072040L053040T010050W011070Z033070Y022080
#1627,7,F020000L002000N070010W013010P034020X003030T010040Y054050I005050U001060V020070Z002070
#1628,7,T000000V003000I000010P002010N054020U001030X003030F074050Y010060Z001060W003070L021080
#1629,7,L060000W034000N035000F041010I000030U002030T035030Y071040X004050Z012070V033070P055070
#1630,7,I010000N035000F050010Y001010T010030W002030L035030X001050U022050P010070Z014070V035070
#1631,7,I010000Y055000W000010F022010L070020N051030X004030U013050Z000060V020070T002070P055070
#1632,7,L010000X002000P063000Y031020W013020N015020F003040I005040Z030050V020070U011070T024070
#1633,7,L010000N012000P063000Z033010F062020X004030T010040U013050W011060Y022070V003070I010090
#1634,7,P060000U033000Z030010X004010I000030V021030F073030L035030N001060W011070T035070Y022080
#1635,7,U030000V003000F031010Z003010N033020W011030P074040X001050T023050Y035060L020070I010090
#1636,7,I010000V035000U000010N062010X002030P063030W020040Z023050Y055050L070060F051070T024070
#1637,7,P000000U033000Z012010F074010Y011030N002030L070040X003040W035050V032060T035070I010090
#1638,7,V010000X003000L054000N031010F062020Y074020W033040U000050T035050Z012070P043070I011090
#1639,7,N020000Y002000T010010I005010P023020X001030Z003040L070050W012050F053060V032070U013080
#1640,7,L010000F022000U024000Z001010V021020P034030Y010040W012050X004050N042070T035070I010090
#1641,7,L010000W012000P024000X002020U023020I005020N020040Y010050T034050Z021070F033070V035070
#1642,7,Y070000P001000W034000N035000L071030U002030T035030I000040X004050Z021070F033070V035070
#1643,7,I010000Y035000W000010T002010P010020X004030F032040N070050Z015050V022060U024070L020080
#1644,7,P060000U033000F050010X004010T010030W002030I005030V001050Y010060Z001060N074060L021080
#1645,7,U030000V013000N011010L054010F032020Y034020X002040W020050Z015050T010070P024070I011090
#1646,7,L010000N062000Y055000X003010F061020Z014030T035040I000050W021050U023060P011070V035070
#1647,7,P070000Y002000W032010U013010V012030Z015030I000040N071040F044050L035060T021070X003070
#1648,7,I010000N035000P060010Z023010L070020W021030T035030Y044050F020060V020070X003070U024070
#1649,7,T000000V003000Y070010P062010F052020I005030W011040Z014040X001060L073060N074060U010080
#1650,7,U030000P073000N035000X001010F050030W002030I005030Y010050L012050Z003060T021070V023070
#1651,7,V010000T033000L014000I005010P071020Y070030X003030W032050F034050Z012070U024070N043080
#1652,7,P000000N053000L054000Y042010U030030Z033030X001040W033050F064050V020060T035070I010090
#1653,7,L050000Z032000V003000I000010T022020F053020Y055040W011050N053050X002060P040080U013080
#1654,7,P030000V012000Z015000F050020U024020W013030I000040Y071050X003050L054050T024070N042080
#1655,7,F020000Y002000V020010X003010N035010L000040W035040U030050Z031060P055060T010070I011090
#1656,7,V010000U003000Y055000Z021010P012020N054030F020040I000050W013050X004060T011070L045080
#1657,7,N000000T003000P070010I005010W012020Y053030L074030Z030040F020060V020070X003070U024070
#1658,7,I000000V011000L054000U032010F013020X004030Z031040Y010050W035050N072060T021070P055070
#1659,7,V020000Z031000L002000N054010Y070030P001030F004030W012050X003060U024060T010070I011090
#1660,7,L010000F072000T003000V035010Z001020N011030Y054040I005040W001050X001060U010080P043080
#1661,7,L010000F032000T003000I005010W002020N011030P012030Z031050Y014050U000070X002070V035070
#1662,7,V020000I011000Y001010W035010P000030T035030Z012040F043050X001060N034060L035060U010080
#1663,7,P040000Y062000N034010I005010L060020W011030X002040T024040Z000060V020070F022070U024070
#1664,7,U000000X002000V003000P054010N000030I005030L010040T034040Z031050W011070F074070Y022080
#1665,7,I000000U031000P034000X002010W034020T021030Y055030F043050L010060N054060V021070Z032070
#1666,7,L010000F072000T003000Y035010Z021020W002030X002040I000050N015050U011060V035070P001080
#1667,7,I000000P031000U033000X004010Y011020F073030L035030T010050Z002050W011070V035070N062080
#1668,7,I000000N021000V003000Z031010P014020W001030F031040L054050Y001060U000070X002070T024070
#1669,7,L010000F032000V003000N074010P032020X001030Z014040W020050Y035050U003060T010070I011090
#1670,7,L050000V012000T035000I000010W013020N014030Y035030F061040Z012060X004060P021080U013080
#1671,7,P070000W002000L054000F072010T000030X004030I000040N032040U013050Z032070V003070Y021080
#1672,7,L010000F032000T003000Y035010W012020X003030Z030040P024050U000060N021070V003070I010090
#1673,7,Y060000N044000L020010P055010U030030Z033030X001040W033050F064050V020060T035070I010090
#1674,7,L010000P052000U033000F074010V011030X004030N070040W022040I005050Z032060T010070Y043080
#1675,7,I010000T035000U000010F072010Y014020X002030W020040N035040L073050Z030060V035070P040080
#1676,7,I010000N015000F020010U022010Y070020L035020T002040W011050X002060Z024060V035070P040080
#1677,7,I010000P055000V010010N073010Z001020F001030L035030Y010050W013050T021070X003070U024070
#1678,7,L010000X002000P063000Z031020V003020Y074030I000040W001040N051050F015060T021070U013080
#1679,7,P010000Z001000V003000U023010W020030N021030Y035030I000050F013050X004060T011070L045080
#1680,7,I000000L061000T035000N012010F043020P074030X002040W020050Z015050V020070U024070Y001080
#1681,7,P000000U033000Z012010X004010F071030W002030L035030I000050Y011050T023050V035070N062080
#1682,7,I000000F051000Y002000T035010W021020U023030X001040N035040L070060Z002060P031070V035070
#1683,8,U000000P022000Z024000I005010F052020Y070030W021030V034040X001060T035060L020080N002080
#1684,8,V010000Y043000U024000F041020Z033020T022030I000040W003040P001060X004060N061080L045080
#1685,8,L060000Z014000Y035000N071010I000020W023020P011040T013040F044060U000070X002070V035070
#1686,8,P060000T003000F050010N073010I005010U010030X003040W000050Y010060L054060Z013070V034070
#1687,8,L070000N021000V003000Z031010P014020F012030X003040Y070050W035050U021060T035070I010090
#1688,8,P060000U003000Y055000I000010F021020L031030X004030Z022050T035050V020070W003070N001080
#1689,8,T000000P063000Y070010L072010Z033010W003030N011040X002050U023050V035060F031070I011090
#1690,8,P010000Z001000U033000N054010T000030W013030I000040X004040L031060F022060Y035060V022070
#1691,8,U000000F042000W014000P055010V010030X003030N031040Y055040T022050Z003060L060080I011090
#1692,8,I010000N035000L070010P011010T002010F015030X002040W020050Z015050V020070U024070Y001080
#1693,8,L020000I011000F044010P010020W001020N035020X002040Y010050Z015050T021070U012070V035070
#1694,8,P040000W002000L054000V010020X003020Y011030Z014040I005040N070050F043060T024070U010080
#1695,8,W020000I011000L002010Z030020F023020T023030P030040V035040Y070060X002060U024070N043080
#1696,8,F050000Y001000P055000L070020W012020X003030U024030Z032050N020060V035060T010070I011090
#1697,8,I010000Z015000V000010P070020U024020F043030X001040L054050Y070060N062060W033070T024070
#1698,8,U000000Y022000V003000P012020W003020Z000030I000040X004040N001060L035060T021070F052070
#1699,8,V020000Z031000Y002000L035010F014020P070030W022040X001050U024050T010070N022070I011090
#1700,8,I000000P061000Z024000Y011010V035010F052030W035040U030050X001060T035060L020080N002080
#1701,8,F050000I011000V003010P010020U032020Z033030X002040W020050N014050Y055060T010070L044080
#1702,8,U030000V013000N011010P034010X002020W034030Y051040I005040Z014050L070060F013070T024070
#1703,8,V010000Y043000L054000W011020Z003020N012030T023030I000050F015050X002060P055070U011080
#1704,8,I010000N035000V010010F043010W021020Y055030L070040T011040Z014050X003070U024070P040080
#1705,8,L010000N062000Z015000Y071020F052020U024020I000040X002050V003050W034060T021070P024080
#1706,8,V000000P073000Y035000L050010I000020Z022030X004030F013050W035050U000070T035070N021080
#1707,8,I010000W035000Y000010U000020T035020F021030N054040Z000050X003050V020060P014070L043080
#1708,8,L060000F014000Y035000N011010X002020W034030P051040I005040Z014050V020070U011070T024070
#1709,8,I000000Z001000U033000Y071010N054010F043030P014040T000050L070060W002060X002070V035070
#1710,8,W020000Y061000T035000N070020F013020P014020X003040Z030050I005050L034060V020070U011070
#1711,8,T010000N001000U024000P031020F053020Y010030X003040I005040W021050L074060V020070Z031070
#1712,8,I000000T011000Y002000F015010P012020N031030W035030Z032050L035050X001060V023070U010080
#1713,8,P060000T003000Y010010F003010L035010W001030X001040U024050V020060N062060Z033070I010090
#1714,8,V010000U023000I005000P001010L010030X002030Z003030N031050F073050Y035060W032070T023070
#1715,8,L070000P071000U033000F074010Z032020V010040X003040Y035040N031050T022060W003070I010090
#1716,8,N000000T003000P040010L035010X003020U000030Z001040V003050Y070060W021060F004060I011090
#1717,8,N050000T001000F044000I005010V020020X003020Z014040L010050W021060U033060P014070Y021080
#1718,8,N050000W001000T003000L035010I000020F052020Z001040Y071050P063050V020070X003070U024070
#1719,8,F050000V001000P074000Y070020X002020I005020W034030N011050T034050Z021070U013070L022080
#1720,8,L010000Y002000P011010W002010I005010F063030V010040Z031050N054050U000070X002070T024070
#1721,8,P030000V012000Z015000N070020F044020W001030Y035030I000050T012050L071060X003070U024070
#1722,8,L000000P074000N000010Z000020Y055020V020030W002030F053050U000060X002060T035070I010090
#1723,8,T000000V003000Y070010P002010F014020I005030W011040Z014040X001060L073060N074060U010080
#1724,8,I010000F015000V010010N031020U002020T035020X004040W001050P030060Y055060Z032070L020080
#1725,8,I000000V011000L054000Y032010P073010X004030F051040W020050Z015050T010070U024070N043080
#1726,8,P060000V003000F050010Z003010W033020N070030U033040T022050X004050Y070060L045070I011090
#1727,8,I000000L001000Y035000V011010P072020X004030F051040W020050Z015050T010070U024070N043080
#1728,8,Z030000I011000P063010L010020X003020W021030Y055030N011050F014050T021070U012070V035070
#1729,8,P060000U033000I000010Y044010L021020T035030W001040X001050N054050V020070F072070Z003070
#1730,8,T010000I011000V003010F021020U023020Z000030Y070040N015040W033050L035060X003070P040080
#1731,8,P030000L062000N063010F050020W034020I005020T010040Y054040X001060Z002060V035070U010080
#1732,8,L060000U024000Y001010W020020N021020T035030I000040P001050X004050Z021070F033070V035070
#1733,8,F020000Z002000P034000L070010X002020W014030I005040U030050Y054050T011060V020070N022080
#1734,8,L060000P074000N061010W002020I005020V010030Z021040X003040T022060F074060U000070Y044080
#1735,8,L010000P002000Y055000W021010U023020X001030T035040I000050F072050N054060V021070Z032070
#1736,8,I000000U031000L054000F032010Y034010W022030X001040N035040T010060Z002060V035070P021080
#1737,8,I010000Y055000L000010V000020F004020P030030X003040Z030050W035050U000070T035070N021080
#1738,8,L000000P034000N050010Z001010F023020Y070030W002040I005040X002050V020070U011070T024070
#1739,8,L060000Z014000N035000F001010V033020Y070030P055030W012050X003060U024060T010070I011090
#1740,8,I000000L011000T003000P032010Y035010X002030F034040N070050W021050Z024060V035070U010080
#1741,8,F050000I011000P003010N070020Y052020T035020W003040L070050Z013050X004060V032070U013080
#1742,8,W020000Y061000Z015000L020020P074020V010040F013040I005040N014050X001060T024070U010080
#1743,8,U000000X002000P063000F033020L054020I000030V021030Z003040N001060W011070T035070Y022080
#1744,8,L010000N062000T035000F061020V002020W033030Y035030I000050Z013050X004060P052070U013080
#1745,8,F050000I011000V003010L070020U032020W021030Z033030X004050N000060P070070T035070Y022080
#1746,8,L000000P074000N000010U000020W035020T001030Y055040Z000050X003050V020060F074070I010090
#1747,8,P060000V003000F050010Z023010N054020Y070030L001040W012050X003060U024060T010070I011090
#1748,8,P000000T003000L052010Y035010V010020Z021030W022040N054040U000060X002060F074070I010090
#1749,8,Z030000I011000V003010Y070020W021020P033020T035040F021050L070060N071060X004060U013080
#1750,8,T010000I011000U033010Y071020W022020N054020L070030Z022050X004050P010070F033070V035070
#1751,8,Z030000I011000P003010L070020T011020W035020V032040F015040X003060Y035060U000070N021080
#1752,8,I000000T011000L002000P014010W012020F053030Z012040Y053050N015050X001060V035070U010080
#1753,8,F050000I011000V003010W020020U032020Z033030L020040X004050N000060P070070T035070Y022080
#1754,8,I000000P061000L054000Y011010W034010X004030T032040F063050N035050Z000060V020070U013080
#1755,8,L000000P034000V010010F061020N002020X003030I005040Z000050U012050Y070060W033070T024070
#1756,8,F020000Y062000I000010P024010L022020W021030V003040N011050Z014050T021070X003070U024070
#1757,8,F020000Y062000I000010U024010N062020X003030W021040P055040L070060T011060Z014070V035070
#1758,8,L010000X002000P063000T021020N063020U024030Z023040V010050F061060W034060Y035060I010090
#1759,8,Y010000W001000P063000V021020Z032020L054020I000040F051050N002050T021070X003070U024070
#1760,8,T010000V001000P034000F041020X004020W022030Z030040N035040Y070060U011060L045070I011090
#1761,8,F050000I011000T003010V020020P022020Y035020W023040U030050X001060Z033060L020080N002080
#1762,8,L000000Z024000P060010N035010Y070020V001030W032040I005040F014050U000070X002070T024070
#1763,8,I010000Y055000T000010F033010N070020W013030P034040L070050Z013050X004060V032070U013080
#1764,8,P060000U033000W020010N054010F022020Y070030Z001040X004040L021060V035060T010070I011090
#1765,8,P070000Y002000W032010N053010I005010Z002030U030040T011050L070060F044060X002070V035070
#1766,8,I010000Y055000V010010P013010Z021020F052030W035040U030050X001060T035060L020080N002080
#1767,8,L010000N012000V013000P074010F062020T035030Y010040W012050X004050Z012070U013070I011090
#1768,8,I000000V011000U024000T002010F002020Z024030X001040L035040Y070060N062060W033070P024080
#1769,8,T010000Y001000N015000P001020I005020W020030F073030L070050Z013050X004060V032070U013080
#1770,8,N050000Z001000P003000W035010L070020Y022030V035030F012050X003060U024060T010070I011090
#1771,8,L010000N012000U033000F074010Z032020Y060040T035040I000050X002050W034060V021070P055070
#1772,8,I010000Y055000V010010F063010Z021020X004030N032040L010050U013050W032070T023070P034070
#1773,8,P070000V012000T035000Z031020W003020F050030X004040Y010050N032050U013060L002080I010090
#1774,8,N070000P001000W014000Y055010Z032020T010030X003040F071050I005050L034060V020070U011070
#1775,8,V010000N063000F051010Y034010I005010L010030Z001040W023040T021050X003070U024070P040080
#1776,8,I000000L011000P003000W022010Y055010Z032030F031040T033050N015050U000070X002070V035070
#1777,8,I000000Y071000L002000P062010T035020X002030F034040N070050W021050Z024060V035070U010080
#1778,8,N070000U031000Z024000Y072010I005010P010030W034030T034050F020060L035060V020070X003070
#1779,8,N050000W001000P063000I000020F052020U024020Z001040Y071050T003050L035060V020070X003070
#1780,8,T000000V003000L070010P002010X004020F021030Z015040W000050Y010060U024060N043070I011090
#1781,8,T000000V013000N070010I002010Z024010Y035020L070040W023040F051050X003070U024070P040080
#1782,8,I010000Y055000L000010V010020F004020P071030X003040Z030050W035050U000070T035070N021080
#1783,8,U000000Y022000V003000N042020X004020L060040Z015040F041050W022060P034060T010070I011090
#1784,8,I010000Y055000P070010W002010X002020L070040T011040V003040F014050Z012070U024070N043080
#1785,8,W000000Y002000P010010N053010I005010Z002030U030040T011050L070060F044060X002070V035070
#1786,8,I000000T011000Y002000P055010W012020F073030N035040L060050X001060Z002060V035070U010080
#1787,8,I010000T035000Y070010P041010N054020W032030F063030X004050V010060Z021070U013070L022080
#1788,8,L000000P034000N000010I000020W021020X004020T011040Y055040F012060Z003060V023070U010080
#1789,8,T010000N001000U024000L011020X003020I000030Y055030F062040W034050P051070Z014070V035070
#1790,8,N000000V003000P070010F004010W022020X001030T035040I000050Z032050Y011060U013070L022080
#1791,8,V010000Z013000P074000W002020I005020L010030N012030X003040T022060F074060U000070Y044080
#1792,8,L060000P074000U031010Y070020X002020I005020W034030N011050T034050Z021070F033070V035070
#1793,8,P040000L002000W003010T000020X003020I000030Y022040U024040Z021060F073060V035070N042080
#1794,8,N050000L051000P003000F015010I000020Z013030W035030X002050Y055050V020070U011070T024070
#1795,8,P060000U033000Y010010X004010F032020T035030N012040I000050W013050L054060Z013070V034070
#1796,8,F050000I011000P003010Y070020X002020W035020T035040Z001050L070060N071060U023060V035070
#1797,8,F020000W002000L054000I000010N012020P013020Y072040T035040Z000060X004060V020070U013080
#1798,8,I010000Y055000L060010F071020T002020N054030P040040W013050Z000060X004060V020070U013080
#1799,8,I000000U001000P023000Y035000W023020Z021030N032040T013040L070060F044060X002070V035070
#1800,8,L010000Y052000U033000F034010N031020T034030I005030X001050W002050P010070V022070Z033070
#1801,8,L000000P034000V010010U031020F064020Z012030Y055040X001050W002050T010070N022070I011090
#1802,8,I010000Y055000L060010N061020T034020V010040F013040W035040X001060Z015060U010080P024080
#1803,8,F020000Z002000P034000Y070010N052020L014030W011040I005040X002050V020070U011070T024070
#1804,8,N000000T003000Y070010F051010I005010Z023030W011040V034040X001060L035060P073070U010080
#1805,8,W020000I011000L002010P010020F003020N054020Z012040T033050Y014050U000070X002070V035070
#1806,8,L060000Z024000P001010V035010Y010020X002030W034040N035040F001050T010070U013070I011090
#1807,8,V010000T033000P074000N011020Z032020I005020U001040X003040Y010060F064060W012070L045080
#1808,8,U030000L013000Y055000F071010N074020I000030T011030W012050X004050Z012070V033070P055070
#1809,8,I010000Y055000L000010U000020F072020N074020T032040W003050Z000060X003060V020070P024080
#1810,8,P010000N021000V003000W012020X004020L070030F042040Z015040U024060T010070Y001070I011090
#1811,8,P010000Y061000T035000W012020X004020L070030F042040Z015040U024060V010070N043070I011090
#1812,8,Y060000Z014000V035000P010010N012030U033030I000040X004040W022050L035060T021070F052070
#1813,8,I010000Z015000P060010L070020N044020W021030T035030Y044050F020060V020070X003070U024070
#1814,8,T000000P063000N070010L072010Z033010W003030Y010040X002050U023050V035060F031070I011090
#1815,8,F020000P062000V035000I000010Y022020T035030W001040X001050N054050U010070Z003070L043080
#1816,8,P010000Z001000U033000F064010L010030X002030I005030W034040V021050N074060T010070Y043080
#1817,8,V010000T033000P074000F001020Z032020I005020Y010040X003040U001060N054060W002070L020080
#1818,8,Z030000V001000P074000N020020W035020F050030T035040I000050Y012050L071060X004060U013080
#1819,8,P030000Z032000V003000U010020F053020L060040Y055040X001050W002050T010070N022070I011090
#1820,8,F020000L002000I000010W003010N012020P013020Y072040T035040Z000060X004060V020070U013080
#1821,8,U000000Y022000V003000N062020W020030X003030L054030T010050F004050P021070Z033070I010090
#1822,8,I000000U031000P034000F052010W021020Z024030X001040V035040L070060Y022060T035070N021080
#1823,8,T010000V001000P074000F001020Z032020I005020Y010040X003040U001060N054060W002070L020080
#1824,8,W020000Y061000T035000Z030020P043020I000040N051040U033040X004050L031060F033070V035070
#1825,8,V020000P001000W014000I005010Y054020L010030X002030F061050T013050Z012070U024070N043080
#1826,8,L060000N044000F031010Y055010X003020W021030I000040P014040Z031050T021070U012070V035070
#1827,8,L070000N021000V003000W021010F023020T000040X003040Y035040I000050Z032060P011070U013080
#1828,8,P070000V012000Z015000F031020W034020Y035020T011040I000050X004050N012060U013070L022080
#1829,8,Y060000N044000F050010T035010U010030W003030X003040I000050P011050L054060Z013070V034070
#1830,8,P010000Y061000T035000U002020X004020Z000030I000040N035040W013050L031060F033070V035070
#1831,8,U030000V013000N011010P074010X002020T035030F071040W003050L010060Z013060Y044070I011090
#1832,8,F050000V001000P074000U010020Z015020L010040X002040Y034040I005040N031060T022070W023070
#1833,8,T010000I011000V003010P001020F004020Y010030W012040U033050Z012060X004060N061080L045080
#1834,8,P000000U033000F012010N054010X003020T010030Y054040W001050I005050L010060V021070Z032070
#1835,8,P070000T012000V003000Z031020W003020F050030X004040Y010050N032050U013060L002080I010090
#1836,8,N020000Y002000F050010P055010W033020V020030T003040Z013050I005050L070060X002070U023070
#1837,8,I010000T035000N000010Z000020F014020V020030Y055030W013050L010060X004060P011070U013080
#1838,8,F020000U022000P034000Y070010X004020W022030N011040I005040T012050V021060Z003070L020080
#1839,8,P030000F022000U024000V022010I000020T011030W035030X002050Y055050N020070Z003070L020080
#1840,8,L000000Z024000P060010V035010Y010020X002030W034040N035040F001050T010070U013070I011090
#1841,8,L010000Y052000U033000X004010T021020F063030I005030P030050Z014050V020070W003070N001080
#1842,8,L010000Y022000V003000F061020N002020X003030W035040U030050Z031060P055060T010070I011090
#1843,8,N000000V003000W000010F004010Y010020T033030Z024040P071050I005050L070060X002070U023070
#1844,8,L060000P074000N061010Z022020T035020U000030F023040W012050V020060X003060Y035060I010090
#1845,8,I010000Y055000L070010P011010W002010F053030Z012040T033050N015050U000070X002070V035070
#1846,8,F050000I011000V003010U010020P073020L010040X002040Z024040Y035050N031060T022070W023070
#1847,8,Z030000I011000V013010Y070020W021020P074020T035040F021050L070060N071060X004060U013080
#1848,8,P060000V003000L070010N043010X004020W001030Y055040U000050F072050T024060Z012070I011090
#1849,8,P030000V012000Z015000I000020U024020Y061030W021040F053040X001060T035060L020080N002080
#1850,8,N000000V003000L070010Z031010Y074010W001030I005040P000050F014050U000070X002070T024070
#1851,8,T000000P003000L070010W022010Y055010F021030X004040U000050N001060V035060Z012070I011090
#1852,8,N070000P031000U033000F074010I000030W012030X004030L052050Y055050Z021060V032070T024070
#1853,8,I010000Z015000V010010N071020F052020U024020Y010040X003050L054050W021060T024070P040080
#1854,8,Y010000T001000P024000F061020V003020Z003030W012040I000050N053050X002060L035060U011080
#1855,8,L010000P022000Z024000N035010W001020X001030F015040U010050Y043060V035060T010070I011090
#1856,8,L020000I011000P034010N050020T001020W003030Y070040X003040F032060Z024060V035070U010080
#1857,8,T010000V001000P074000N011020Z032020I005020U001040X003040Y010060F064060W012070L045080
#1858,8,U000000X002000V003000L034010F013020Y010030I005030Z021050W013050N074060T023070P000080
#1859,8,I000000T001000W014000Y071010P055010F073030N035040L060050X001060Z002060V035070U010080
#1860,8,F050000N001000L054000I000020X002020U023020P011040T035040W003060V010070Z013070Y044080
#1861,8,T000000U033000I000010Y072010X004010L031030Z015030F062050P034050V020070W003070N001080
#1862,8,T010000N001000L054000Y071020U032020I000030Z033030X002050W003050F031070V033070P014070
#1863,8,L060000N044000F031010I005010P073020W011030X002040T024040Z000060V020070Y002070U013080
#1864,8,I000000Y071000L062000P003010T035020X002030F034040N070050W021050Z024060V035070U010080
#1865,8,L010000F042000W014000I005010P011020N014020T010040Y074040X001060Z002060V035070U010080
#1866,8,P070000F052000V003000Y071020W022020N054020L070030Z022050X004050T010070U013070I011090
#1867,8,N000000P063000U000010Y061020Z015020V010040F044040W001050I005050X001060T034070L020080
#1868,8,I000000P061000Z024000N051010Y035010T021030W023030L043050F044060U000070X002070V035070
#1869,8,P000000V003000Z012010L033010Y074010W011030I005040N061050F014050U000070X002070T024070
#1870,8,U000000N062000Z015000T012020L054020P030030W013040I000050X004050Y011060F033070V035070
#1871,8,U030000V013000W021010P034010I000020T011030F064030X002050Y055050N020070Z003070L020080
#1872,8,I000000V011000P034000F022010N012020Z014030L035030Y010050W013050T021070X003070U024070
#1873,8,P070000N032000U033000F074010I000030W012030X004030L052050Y055050Z021060V032070T024070
#1874,8,L010000W012000P024000V002020I005020F031030Z002030N011050Y012050X004060T021070U013080
#1875,8,T010000Y001000W035000Z001020F015020P030030I005040N070050X002050L053050V023070U010080
#1876,8,P060000U033000Y010010T034010N035020V001030W011040Z032050I005050X001060F073070L020080
#1877,8,P000000N063000Z024010L070020V011020Y035020W022030F012050X003060U024060T010070I011090
#1878,8,L070000V011000P024000F052010W035020Z012030N035040Y001050U000060X002060T035070I010090
#1879,8,L020000I011000P034010Y010020T001020W003030N031040X003040F032060Z024060V035070U010080
#1880,8,F050000N001000U024000Z030020W002020L035030P030040X003040V020060Y022060T035070I010090
#1881,8,N000000P063000L010010V011020Z014020Y035020F013040W020050X004050T010070U013070I011090
#1882,8,P060000V003000T010010Z003010N033020W011030F044040Y011050I005050L070060X003060U012080
#1883,8,I010000W035000L060010P031020T035020Y010030F013040N054040X001060Z003060V023070U010080
#1884,8,L060000F014000N035000P011010I000020Z013030W035030X002050Y055050V020070U011070T024070
#1885,8,P030000Z032000V003000T010020U022020L054030X001040W034040Y070060F074060N021070I011090
#1886,8,P010000I011000L002010N042020X004020U000040F042040T035040W003060V010070Z013070Y044080
#1887,8,L010000N012000V003000F043010P014020X002030I000040U011050Z024050Y035060T021070W022070
#1888,8,L060000N044000Y021010W035010V010030T035030F021040P051050X004050Z012070U013070I011090
#1889,8,T000000U033000I000010W022010N054010F021030Y031040X004040Z022060L035060V020070P073070
#1890,8,P070000L012000W014000I005010F001020N014020T010040Y074040X001060Z002060V035070U010080
#1891,8,L010000Y022000V003000N031020U002020X004020Z015040F041050W022060P034060T010070I011090
#1892,8,N050000F021000V003000P054010I000020X002030W035030T011050Y055050U010070Z003070L043080
#1893,8,F050000I011000N063010W020020U024020T002030Y010040X002050Z024050V035060P051070L022080
#1894,8,L060000U024000Y001010I000020N021020W021030T035030F061050X004050Z012070V033070P055070
#1895,8,I000000L001000N035000Y011010U022010T035030X002040W020050F034050P010070Z014070V035070
#1896,8,P000000U003000Y055000F002010W020020X004030I000040V011050T035050Z032060N061080L045080
#1897,8,I000000N071000L062000P063010F063020T021030Y055030W013050Z000060X004060V020070U013080
#1898,8,N050000L051000P003000T035010I000020Z013030F064030X002050W035050U000070V035070Y061080
#1899,8,I000000V011000U024000P002010Z021030X003030L054030F032050N074050Y070060T022070W023070
#1900,8,F050000L001000I005000X003010T010020N034030P001040Z030050W035050U000070V035070Y061080
#1901,8,P000000V003000W012010N074010Y070020F003020Z032040T011050I005050L070060X002070U023070
#1902,8,L010000P052000U033000N054010Z013020T024030I000040W012040X002060V003060F004070Y021080
#1903,8,I000000L001000N035000P001010Z013020T035030X002040W020050F034050V020070U024070Y001080
#1904,8,L010000N012000V003000P033010F062020T035030Y010040W012050X004050Z012070U013070I011090
#1905,8,P070000F052000V003000W011020T034020Y035030N051040Z002040I000050L071060X003070U024070
#1906,8,L010000Y022000V003000P061020N054020W021030I000040Z003040F051050T021070X003070U024070
#1907,8,L060000N044000X001010P055010W033020V020030T003040Z013050I005050Y070060F062070U023070
#1908,8,V010000Z013000P074000F042020I005020W020030L053030N033040Y010050T021070X003070U024070
#1909,8,I000000W001000T003000Y011010V035010F052030P055040U030050X001060Z033060L020080N002080
#1910,8,I000000T001000L054000Y071010P033010Z033030F032040N070050X004050W022060V035070U010080
#1911,8,P000000V003000F012010Z003010W033020N070030U033040T022050X004050Y070060L045070I011090
#1912,8,T010000I011000U033010W001020N054020P070030X002040Y034040Z000060L035060V020070F022070
#1913,8,L060000N044000P011010T035010I000020Z013030F064030X002050W035050U000070V035070Y061080
#1914,8,P070000Z032000V003000T001020L010030U033030W021040X004040F031060Y035060N043070I010090
#1915,8,I010000P055000U030010N073010X001020L035030T010040F022040W011060Z032070V003070Y021080
#1916,8,T000000U033000Y070010L032010X004010F063030I005030P030050Z014050V020070W003070N001080
#1917,8,P070000Z022000W014000N015010F050030V001030Y035030I000050T012050L071060X003070U024070
#1918,8,Z030000N001000L054000P030020W013020X004030F050040U013050V020060Y022060T035070I010090
#1919,8,I010000W035000L060010F001020N052020Y055020T010040V034040X001060Z015060U010080P024080
#1920,8,Y060000N044000T010010F015010W011030U013030X002040P054050I005050L010060V021070Z032070
#1921,8,U030000L013000Y055000X001010T024020I000030F002030Z031050P074050W011070V035070N062080
#1922,8,P060000U033000F050010N054010X003020T010030Y054040W001050I005050L010060V021070Z032070
#1923,8,T000000P063000N070010Y072010Z033010X004030I000040V011050L045050W032070F063070U024070
#1924,8,I000000F051000L002000W034010Y071020P055020Z033040N050050T012050V020070X003070U024070
#1925,8,L060000P034000N061010F012020W003020X003030T010040Y054050I005050U001060V020070Z002070
#1926,8,F050000L001000Y035000P053010W020020X004030T010040N053050I005050U001060V020070Z002070
#1927,8,I000000U001000N063000W014010Y055020Z021030P002040T034050F020060L035060V020070X003070
#1928,8,N050000W001000V003000Y074010I000020F062020U013040T021050Z032050L035060X003070P040080
#1929,8,P040000W002000L054000T000020X003020I000030Y022040U024040Z021060F073060V035070N042080
#1930,8,U000000P022000Z024000V035010F012020Y010040L002040W012050X004050N042070T035070I010090
#1931,8,I000000L061000T035000Y052010W003020N031030F063030P074050X001060Z002060V035070U010080
#1932,8,I010000T035000Y010010L051010W003020N031030F063030P074050X001060Z002060V035070U010080
#1933,8,I010000T035000L070010N071010F052010W034030Y035030P030050Z022060X004060V020070U013080
#1934,8,U000000N062000Z015000F072020P074020Y010030X002040W035040L021060V035060T010070I011090
#1935,8,F020000L002000N070010P043010Z032020Y035030I000040W012040X003050T021070U012070V035070
#1936,8,L010000N062000T035000Z021020W003020V032030Y013030P034050U000060X002060F074070I010090
#1937,8,I010000Z015000U030010Y021020P074020V010040F013040W035040X001060T035060L020080N002080
#1938,8,P000000W013000Y055000N020020Z003020T010030X003040F071050I005050L034060V020070U011070
#1939,8,P000000T003000Z012010N033010Y035010F001030W003040I000050X003050L071060U012070V035070
#1940,8,U000000N062000T035000P012020W003020Z000030I000040X004040L031060F022060Y035060V022070
#1941,8,N050000T001000W014000L035010I000020F014020Z001040Y071050P063050V020070X003070U024070
#1942,8,P000000X003000U024000N050020W001020L054030I000040T022040Y054040Z021070F033070V035070
#1943,8,T000000V003000Y070010N052010Z003010W032030L054040P062050U000060X002060F074070I010090
#1944,8,I000000L011000P003000T012010Y035010X003030F071040W034050N035050Z000060V020070U013080
#1945,8,I000000L011000U033000Y012010F064010T035030N011040W012050X004050Z012070V033070P055070
#1946,8,I000000Y011000L002000P023010T035020X002030F034040N070050W021050Z024060V035070U010080
#1947,8,L010000N062000P055000Z013010X002030V003030I000040F004040T011050W032070U033070Y044080
#1948,8,P010000I011000Y002010U002020T035020Z000030N070040X004040W002060L035060V020070F072070
#1949,8,F050000I011000V003010Z030020L052020Y074020P070040X002050W035050U000070T035070N021080
#1950,8,L020000I011000F044010U000020X002020Y035020W023040N000050Z000060V020070T002070P055070
#1951,8,P010000Y061000T035000F012020W003020X003030I000040N021050U024050L031060V022070Z033070
#1952,8,I000000U001000V003000T002010P014020W001030X001040Z024050Y070060F042060L035060N043080
#1953,8,I000000L011000T003000P072010Y035010X003030F071040W034050N035050Z000060V020070U013080
#1954,8,I010000L045000P070010F052020V003020X001030Z014040Y010050N035050W013060T021070U013080
#1955,8,Z030000Y001000N015000F020020T023020I005020V020030W013050L010060X004060P011070U013080
#1956,8,F020000P062000V035000Y070010T012020Z015030X001040N034050I005050L070060W012060U012080
#1957,8,U000000X002000V003000N014010Y010030Z001030L014030I005040F051050P070070W033070T024070
#1958,8,V010000T033000P034000F041020X004020W022030Z030040N035040Y070060U011060L045070I011090
#1959,8,L000000P034000N000010F020020X004020V020030W002040I005040Y010060T001060Z003070U011080
#1960,8,P010000W001000V003000N074010Z012020T033030Y034040U030050I005050X001060F073070L020080
#1961,8,V000000P073000Y035000Z000010L070020W003030N001040F012050X003060U024060T010070I011090
#1962,8,L010000P022000Z024000I005010N021020X001030W013040Y010050F034050T021070U012070V035070
#1963,8,L010000X002000P063000N051020U033020F034030I000040V021040Z024050Y035060T021070W022070
#1964,8,N050000L051000P063000F053010I000020Z013030W035030X002050Y055050V020070U011070T024070
#1965,8,I010000F015000V010010T021020P042020Y035020W023040U030050X001060Z033060L020080N002080
#1966,8,L060000U024000Y061010I000020N071020X003020W035030F061050T035050Z012070V033070P014070
#1967,8,Z030000V001000P074000L010020Y055020N001030W001040X001050F064050U010070T035070I010090
#1968,8,F050000N001000U024000T010020L052020P074030W011040X002050I005050Y054060V020070Z031070
#1969,8,P030000L072000U033000F074010I000020Y011030X004030Z022050T035050V020070W003070N001080
#1970,8,L060000P034000N061010Z012020W003020F073030X001040U013050V020060Y022060T035070I010090
#1971,8,P070000V012000Z015000N011020T034020I005020U001040X003040Y010060F064060W012070L045080
#1972,8,I010000T035000N050010Z001010F023020Y070030W002040L035040X002050V020070U011070P024080
#1973,8,P060000U033000W020010Y044010Z030030V013030N034040I005040F020050L070060X002070T024070
#1974,8,T010000N001000U024000F031020L052020P074030W011040X002050I005050Y054060V020070Z031070
#1975,8,L010000N062000Z015000P071020F044020Y035030I000040W012040X003050T021070U012070V035070
#1976,8,I010000T035000N050010L051010W003020Y070030F063030P074050X001060Z002060V035070U010080
#1977,8,U000000Y022000V003000Z002020N054020L010030F002030W021050X004050P040070T035070I010090
#1978,8,U000000F072000V003000N034010Z012020Y055030P071040I000050W013050X004060T011070L045080
#1979,8,I000000L011000P063000N072010Z033010F064030W011040X002050Y055050V020070U011070T024070
#1980,8,F050000L001000I005000N053010Y070020X002020T023040W011050U024050P051070V022070Z033070
#1981,8,P000000F033000U024000I000020Y071020X003020W035030Z032050L035050T011060V020070N022080
#1982,8,I010000T035000N000010L070020P011020X004020W033040Y055040F050060Z003060V023070U010080
#1983,8,I000000V011000P034000Z022010W003020F073030X001040U013050L070060Y022060T035070N021080
#1984,8,W020000Y061000T035000N050020P043020L032030I000040U033040X004050Z021070F033070V035070
#1985,8,L060000Z014000N035000P051010W033020T035030Y010040X002050U023050V035060F031070I011090
#1986,8,F050000Y001000P055000I000020W012020X003030U024030V021050Z032050L035060T010070N043080
#1987,8,I000000L001000N035000P061010T011020F015030X002040W020050Z015050V020070U024070Y001080
#1988,8,P010000N021000V003000Z012020W003020T033030Y034040U030050I005050X001060F073070L020080
#1989,8,T000000P003000L070010Z032010I005010N001030X002040W020050F034050V020070U024070Y001080
#1990,8,L060000P024000W011010V002020I005020F031030Z002030N011050Y012050X004060T021070U013080
#1991,8,I000000Y071000L062000V003010Z003020W012030F053040N070050X002050T035060U010080P043080
#1992,8,U000000Y002000P061010I005010L044020T010030W013040N011050X004050Z021070F033070V035070
#1993,8,L010000N062000Y055000F033010V021020W003030P010040Z022050X004050T010070U013070I011090
#1994,8,N000000V003000F020010P054010I000020X002030W035030T011050Y055050U010070Z003070L043080
#1995,8,P000000T003000F012010N073010I005010U010030X003040W000050Y010060L054060Z013070V034070
#1996,8,F050000N001000L054000T010020U022020Y074020X001040W033050P055050V020060Z033070I010090
#1997,8,N000000P063000L010010Y071020Z032020V003020X003040F050050W035050U010070T035070I010090
#1998,8,I010000Z015000P000010Y022020U024020T010030X003040W021050N015050L070060F051070V035070
#1999,8,N000000T003000P070010Y035010W012020X003030F050040Z014050I005050L070060U011070V034070
#2000,8,T010000L001000Y035000F003010X001020W020040U032040I005040N053050Z030060V023070P040080
#2001,8,P070000Z032000V003000U021020F053020L010030X003040Y035040N031050T022060W003070I010090
#2002,8,L000000Z024000P000010I005010X002020Y010030W034030F051050N054050V020070U011070T024070
#2003,8,P010000Y061000T035000Z012020W003020X003030N011040U012050V035050F061060L002080I010090
#2004,8,I010000N035000L010010T002010P071020F015030X002040W020050Z015050V020070U024070Y001080
#2005,8,L060000N044000P011010F015010I000020Z013030W035030X002050Y055050V020070U011070T024070
#2006,8,V010000P063000U031010F012020W014020N015030Y070040X002040I005050Z013060T034070L020080
#2007,8,I010000Y055000L060010P041020Z003020T010030F073040X001050N035050W033060V020070U013080
#2008,8,U030000V013000W021010P074010N050020Z015030I000040Y032040F044050L035060T021070X003070
#2009,8,N070000L061000Y055000W002010F062020I000030T033040P034040Z021060X004060V032070U013080
#2010,8,L000000P034000V010010N031020U032020X003030I005030F041050Z014050T010070W003070Y043080
#2011,8,T000000P003000I000010W022010Y055010U001030N002040Z013050L070060F044060X002070V035070
#2012,8,N000000T003000F020010I005010V020020X003020Z014040L010050W021060U033060P014070Y021080
#2013,8,I000000T011000L002000N034010W012020Y035020F062040U000050X004050Z012070V033070P055070
#2014,8,Z030000Y001000N015000U000020F013020I005020P033040T000050L070060W002060X002070V035070
#2015,8,L000000P034000I000010W001010N051020F064020Y031040T035040Z022060X004060V020070U013080
#2016,8,P000000X003000U024000L070020V021020Z032020Y035030F012050W023050T010070N022070I011090
#2017,8,P070000V012000Z015000F001020T034020I005020Y010040X003040U001060N054060W002070L020080
#2018,8,P000000F033000U024000Z000020X003020I000030W035030L031050N052050Y055050V032070T024070
#2019,8,N000000V003000L010010Z014010Y071020P063030X003040F050050W035050U010070T035070I010090
#2020,8,U030000V013000F071010P034010N070030Z031030W003030T022050X004050Y070060L045070I011090
#2021,8,F020000Y002000L070010X003010N035010W001030I005040P000050Z014050V020070U011070T024070
#2022,8,F050000I011000T003010U010020V033020Y035020Z030040W003050L070060N071060X003060P024080
#2023,8,I010000W035000L060010P051020F052020N035020X002040Y010050Z015050T021070U012070V035070
#2024,8,P040000L002000N043010F050020W034020I005020T010040Y054040X001060Z002060V035070U010080
#2025,8,N070000F051000Y002000T035010U010030W003030X003040I000050P011050L054060Z013070V034070
#2026,8,V010000P063000N001010F041020I005020U032030W020040X003040Y010060Z014060T035070L021080
#2027,8,T000000P003000V020010Z032010I005010X003030W000040L070050N054050U011060F004070Y042080
#2028,8,P040000T002000N015000L010020F032020I005020W032040Z023040Y034050U000070X002070V035070
#2029,8,P010000W001000T003000N035010F072020Y070030Z001040I005040L053050X001060V023070U010080
#2030,8,Z030000V001000P074000L070020N071020Y055020W002030F053050U000060X002060T035070I010090
#2031,8,I000000P031000U033000F034010W021020Z024030X001040V035040L070060Y022060T035070N021080
#2032,8,U000000X002000P063000F043020Y055020I000030W021030T024040L031050Z032060V035070N042080
#2033,8,L010000Y002000P011010F022010I005010W034030V010040Z031050N054050U000070X002070T024070
#2034,8,U000000F072000V003000L034010X002020Y010030I005030Z021050W013050N074060T023070P000080
#2035,8,N000000V003000L070010P011010F004010X003030I005040Z000050U012050Y070060W033070T024070
#2036,8,F050000Y001000N015000L070020W012020I005020X003030U012050Z000060V020070T002070P055070
#2037,8,L070000P071000V003000Y053010N074010Z012030F014040X001050W035050U010070T035070I010090
#2038,8,W020000Y061000T035000P010020F023020Z022030V033040N015040I000050L035060U001070X003070
#2039,8,P070000T002000Y055000F002010N074020I000030Z031030L011050X004050W022060V035070U010080
#2040,8,I000000T001000P034000Y071010W023010F073030N035040L060050X001060Z002060V035070U010080
#2041,8,N000000V003000L010010F004010P071020X003030I005040Z000050U012050Y070060W033070T024070
#2042,8,L060000P024000N021010Z000020Y055020V020030W002030F053050U000060X002060T035070I010090
#2043,8,F050000I011000X003010L054010T010020N034030P001040Z030050W035050U000070V035070Y061080
#2044,8,L060000P034000N061010F072020W003020T010030X004040U001050V020060Z002060Y055060I010090
#2045,8,P060000V003000Y010010W033010N074010Z013030F074040I000050T012050L071060X003070U024070
#2046,8,U030000V003000F031010P073010W011030Z014030N035030X001050T023050Y035060L020070I010090
#2047,8,V010000N043000Y055000F071020T002020P014030Z000040I000050W002050L035060U001070X003070
#2048,8,T010000N001000U024000V021020P042020Y070030W035030Z032050I005050X001060F073070L020080
#2049,8,L060000P034000N011010W002010X002020F015030T011040I000050Y055050U002060V021070Z003070
#2050,8,P070000T022000V003000U023010W020030N021030Y035030I000050Z013050X004060F032070L045080
#2051,8,F050000I011000T003010Y070020P022020V035020W032040U033050Z012060X004060N061080L045080
#2052,8,Y010000I011000L002010P071020F023020W033030N070040T035040Z022060X004060V020070U013080
#2053,8,W000000Y002000L070010N053010I005010Z031020T032040P043050F020060V020070X003070U024070
#2054,8,L000000Z024000P000010N035010F032020Y070030W002040I005040X002050V020070U011070T024070
#2055,8,I000000V011000P034000U002010W003020T011030X004040N070050F072050Y055060Z032070L020080
#2056,8,Z030000V001000P074000W000020Y055020N050030F063030I000050T034050L035060U001070X003070
#2057,8,I000000V011000L054000N032010P073010X004030F062040U000050T035050Z012070W003070Y043080
#2058,8,U030000V003000N011010P033010X002020T035030F071040W003050L010060Z013060Y044070I011090
#2059,8,P040000L002000W003010V010020X003020Y011030Z014040I005040N070050F043060T024070U010080
#2060,8,I000000U001000N063000P074010F013020T035030X001040W013050Y010060L054060Z013070V034070
#2061,8,P060000T003000Y070010N073010I005010U021020W033040L010050X004050Z021070F033070V035070
#2062,8,L060000P024000N021010U000020W035020T001030Y055040Z000050X003050V020060F074070I010090
#2063,8,L010000F072000V003000Y034010Z021020W022030I005030U000050X002050N074060T023070P000080
#2064,8,U000000Y002000N001010I005010X002020P010030W034030T034050Z000060L035060V020070F022070
#2065,8,P060000V003000T010010L033010N074010W011030X004040F041050Z002060Y055060U010070I010090
#2066,8,I000000L061000N035000P002010T011020F015030X002040W020050Z015050V020070U024070Y001080
#2067,8,L010000N062000P055000T033010W011030Y054030I005030X002040Z000060F073060V020070U013080
#2068,8,L060000P024000F041010V012020T035020I000030Y011040W003040X003050Z012070U024070N043080
#2069,8,Y010000T001000P024000W021020V003020Z003030F020040I000050N053050X002060L035060U011080
#2070,8,T010000I011000V013010F041020Z024020N072030Y035030W020040L070060X004060P031070U013080
#2071,8,T000000U003000Y055000N070010L072010W003030I000040P001050X004050Z021070F033070V035070
#2072,8,N070000F051000Y002000P055010W033020V020030T003040Z013050I005050L070060X002070U023070
#2073,8,I010000W035000Y060010N070020X002020P055020F003040Z030050L054050V020070U011070T024070
#2074,8,P000000T003000L052010N035010V010020Z021030W022040Y055040U000060X002060F074070I010090
#2075,8,P030000F022000U024000T022010I000020W014030Z001040N015040Y071050L035060V020070X003070
#2076,8,L000000P034000N000010Y070020W021020X004020Z015040F041050U012060V035060T010070I011090
#2077,8,L060000P074000U031010N050020T012020Y035020I000040W033040X004050Z021070F033070V035070
#2078,8,I010000Z015000T000010V020020N052020P074020W035040U030050X001060Y055060F073070L020080
#2079,8,T000000V003000I000010N032010Z003010Y073020W032040L035040F014050U000070X002070P024080
#2080,8,L060000P024000F041010T012020V003020I000030Y011040W003040X003050Z012070U024070N043080
#2081,8,L020000I011000F044010N000020Y035020U000030T001040W003050Z000060X003060V020070P024080
#2082,8,L010000P002000Y055000Z031010V034020W011030I005040N061050F014050U000070X002070T024070
#2083,8,I000000Y011000L002000W013010P034020Z013030F074040N050050T012050V020070X003070U024070
#2084,8,L070000Z031000Y002000P055010F021020W000040U033040I000050X004050T011060V035070N062080
#2085,8,Y010000P061000Z024000N035010W001020X001030T035040I000050F052050L071060U012070V035070
#2086,8,L010000P042000U024000T011010X002030V003030W020040F004040Y070060Z033060N021070I011090
#2087,8,V010000N063000Y031010F044010W022020I005020U010040Z013050T024050L070060X002070P024080
#2088,8,I000000Z001000U033000N071010F064010T035030Y021040X004050L010060W022060P011070V035070
#2089,8,N020000Y002000P010010F015010W022020V035030T000040I000050Z032050L035060U001070X003070
#2090,8,T010000I011000U033010Y051020W022020N054020L070040F062040X004050Z012070V033070P055070
#2091,8,I000000L061000N035000T002010P071020F015030X002040W020050Z015050V020070U024070Y001080
#2092,8,P010000W001000V003000Y034010Z012020N035030U031040I000050X002050F015060T011070L045080
#2093,8,I010000Z015000V010010F021020L054020N011030W034030T021050Y044050X003070U024070P040080
#2094,8,T010000N001000L054000F031020U022020Y074020X001040W033050P055050V020060Z033070I010090
#2095,8,T010000I011000U033010P071020N054020V020030X003030F074050Y010060Z001060W003070L021080
#2096,8,U000000F072000V003000Y074010Z012020T023030W011040I005040X001060P062060L020080N002080
#2097,8,I010000N035000L070010P071010Z023010T035030X002040W020050F034050V020070U024070Y001080
#2098,8,I010000F015000N000010L010020T035020Z001030V021040W003040Y010060X004060P052070U013080
#2099,8,N050000F021000T003000I005010V020020X003020Z014040L010050W021060U033060P014070Y021080
#2100,8,I000000T011000Y002000L035010U032020N031030F003030X002050W035050V020070Z031070P055070
#2101,8,P010000N021000V003000X002020U023020W020030I005030Y010050F043050T024060Z021070L022080
#2102,8,I000000V011000L054000P062010X002020N054030U011040T010050F004050W011070Z033070Y022080
#2103,8,I010000T035000P000010N052020W003020U000030Z001040Y014040F020060L035060V020070X003070
#2104,8,U030000V013000F031010Y034010I005010N011030W022030T021050Z032050L035060X003070P040080
#2105,8,N070000W021000Y062000L014010I005020T010030U022030X001050F004050P010070V022070Z033070
#2106,8,V010000N043000W035000P041020I005020Z030030Y054030L010050F013050T021070X003070U024070
#2107,8,N000000V003000W000010P054010I000020Y011030Z015030F052050L054050U000070X002070T024070
#2108,8,I010000Z015000V010010T021020N052020P074020W035040U030050X001060Y055060F073070L020080
#2109,8,L010000X002000P063000F061020U033020N054030W002040T000050Y070060V022060Z033060I011090
#2110,8,W020000N021000V003000L020020F023020T000040X003040Y035040I000050Z032060P011070U013080
#2111,8,L060000Z024000N061010V035010F012020Y010040U032040I005040X003050W021060T024070P040080
#2112,8,F050000I011000T003010Z030020L052020N035020P070040X002050W035050U000070V035070Y061080
#2113,8,P000000T003000N042010L035010X003020U000030Z001040V003050Y070060W021060F004060I011090
#2114,8,U030000Z023000Y055000P051010F004020N012030L070040X003040W035050V032060T035070I010090
#2115,8,P030000V012000F015000T010020Y013020I005020W011040L074040X002050U000070Z033070N021080
#2116,8,I000000P061000L054000Y071010T034010Z033030F032040N070050X004050W022060V035070U010080
#2117,8,N050000F021000V003000Y074010I000020W033020U013040T021050Z032050L035060X003070P040080
#2118,8,F020000W002000L054000Y070010P072020X004030T011040N070050I005050V002060Z002070U010080
#2119,8,N000000T003000I000010Y071010L035010F022020W022040X001050U024050P010070V022070Z033070
#2120,8,N050000L051000U033000F034010Y070020T034030I005030X001050W002050P010070V022070Z033070
#2121,8,L000000P034000T000010Y070020U032020X003030I005030F041050Z014050V020070W003070N001080
#2122,8,T010000N001000L054000Z031020V002020P010030W022040Y055040U000060X002060F074070I010090
#2123,8,Y070000L061000Z015000N032010F044020I005030T010040W002040U001060X003060V020070P024080
#2124,8,I010000Z015000U030010F031020P034020X003030W021040Y010050V034050L035050T021070N022080
#2125,9,I010000L035000P010010T001010N014010U030040W014040X001050Y055050V020070F072070Z003070
#2126,9,P000000V003000Y042010Z003010U030030N053030X001040I005040W033050L070060F013070T024070
#2127,9,L070000P071000T003000F003010I005010X002030W020040N014040Y070060Z024060U021070V035070
#2128,9,P060000V013000N070010Z024010L051020Y035020I000040W023040F051050T021070X003070U024070
#2129,9,I010000V035000L070010Y061010Z031020P034030X002040W020050F034050T010070U024070N043080
#2130,9,L070000P071000Z023000Y055000F014020U030040W014040X001050I005050T034060V020070N001080
#2131,9,P000000V013000T032010L054010W034020Z000030N070040X004040F022060Y035060U010070I010090
#2132,9,Y000000L054000I000010N071010P023010W003030T021040X003040Z024060U000070F042070V035070
#2133,9,Y010000I011000U002010F044010N031020L035020T002040W011050X002060Z024060V035070P040080
#2134,9,T000000F043000P055000N070010Z032020V035030I000040W012040X002060U023060L035060Y021080
#2135,9,L060000P034000N001010T000020Y070030F052030V003030W032050X004050Z012070U013070I011090
#2136,9,V010000T003000L011010P053010Y035010I000030X002040W003040N031060F023060Z022070U013080
#2137,9,N070000I011000Y001010L035010U012020T010030X003040F071050W035050V020070Z031070P055070
#2138,9,N070000I011000P061010L054010T034020F050030X003040Z030050W035050U000070V035070Y061080
#2139,9,T000000P003000Y070010F052010I005010U012030X001040W033050N054050V020060Z003070L043080
#2140,9,V000000U033000L050010X004010I000020Z022030T035030F003050N054050W021060P010070Y044080
#2141,9,P030000L012000W014000N015010Y010020Z013030V035030F012050X003060U024060T010070I011090
#2142,9,I010000Y055000U000010W002010F021020Z000040X003040L054040V020050N074060T023070P000080
#2143,9,P060000T003000N070010F013010V035010Y010040L002040W012050X004050Z012070U013070I011090
#2144,9,Y000000F044000I000010T011010L035010N062030Z033040W011050X002060U023060V035070P040080
#2145,9,L060000W014000P031010N015010Y010020Z013030V035030F012050X003060U024060T010070I011090
#2146,9,L060000P074000F031010U022010I005020X001030Y054030T010050Z002050W011070V035070N062080
#2147,9,I000000V021000P042000U024000Z021030X003030L054030F032050N074050Y070060T022070W023070
#2148,9,U030000V003000F071010Z003010T023020I000030Y071030N015040W033050L035060X003070P040080
#2149,9,F050000I011000U033010Y010020N072020X004020W021040P055040L070060T011060Z014070V035070
#2150,9,P000000N063000T034010I005010Z000020L070030F022030W001050Y014050U000070X002070V035070
#2151,9,F020000L002000Y070010W003010P072020X004030T011040N070050I005050V002060Z002070U010080
#2152,9,L010000Y062000P031010W014010N015020X001030F003040I005040Z030050V020070U011070T024070
#2153,9,L070000N071000Z032000V003000F053020I000040U031040Y055040X002050W034060T021070P024080
#2154,9,V010000Z023000Y055000U001010F004020T010030X003040W021050I005050P010060L034060N042080
#2155,9,N070000L061000T035000Y012010X004020I000030W021040U013040F051060Z024060V035070P040080
#2156,9,F020000U022000P074000V020010Z015020L010040X002040Y034040I005040N031060T022070W023070
#2157,9,V010000P063000L011010X003010W035020I000030Y032030T035040N031060F023060Z022070U013080
#2158,9,T000000U033000L070010Y032010X004010F063030I005030P030050Z014050V020070W003070N001080
#2159,9,F050000L001000N035000P053010I000020W021030T035030Z031050Y014050U000070X002070V035070
#2160,9,Y010000I011000F032010V003010T034020P070040W002040L035040X002050U000070Z033070N021080
#2161,9,P040000Y002000W033010N015010L010020Z013030V035030F012050X003060U024060T010070I011090
#2162,9,Y010000I011000U032010L035010N031020F033020T013040W011050X002060Z024060V035070P040080
#2163,9,Y010000I011000U022010P074010Z021020T035030X002040N050050W034050L035060V020070F014070
#2164,9,I000000P011000Y062000U024010W013020T021030Z023040N015040F020060L035060V020070X003070
#2165,9,P010000F021000U023000I005000T010030Y001030X004040N011050W022050V035060Z021070L022080
#2166,9,V010000P063000Z001010F053010N011020Y035030L061040W002050U000060X002060T035070I010090
#2167,9,L060000N044000P051010W035010Z022020T035030Y010040X002050U023050V035060F031070I011090
#2168,9,I000000Y071000P042000U024000F033020T035030X001040W033050N054050V020060Z003070L043080
#2169,9,N070000V001000P034000L051010X004020Y010030Z013040I005040T034050U000070F002070W023070
#2170,9,L000000Z024000U000010F002010N035010Y060040T035040I000050X002050W034060V021070P055070
#2171,9,N070000P041000T003000I005010W002020L070030F072030Z001050X004050U000070V035070Y061080
#2172,9,L060000F044000P051010W022010I005010Z012030N013040T024040Y051050V020070X003070U024070
#2173,9,V010000N063000Y011010P024010L070030Z022030W014030I005040F014050U000070X002070T024070
#2174,9,L000000P074000N050010W001010Y055020V020030Z032030F053050U000060X002060T035070I010090
#2175,9,I000000P001000U024000F043010W021020Z024030X001040V035040L070060Y022060T035070N021080
#2176,9,P010000Z001000N053000L054000V010030X003030F061040I005040T034050U030070W023070Y021080
#2177,9,N070000V001000P074000Z001010W035020F050030T035040I000050Y012050L071060X004060U013080
#2178,9,L070000Y061000T035000F051010X004020I000040U031040W035040N012050Z015060V032070P024080
#2179,9,L060000U024000F041010W013010Y010030P033030I005030X002040T011060Z003060V020070N022080
#2180,9,P030000L072000U003000Y055000W020020X004030T010040F033050I005050N011060Z013070V034070
#2181,9,V010000N063000T021010F014010I005010Z014030L010040Y011050W003050X003060U010080P024080
#2182,9,P010000I011000Z032010V003010U030030F053030X001040N013050W035050Y010060T035070L021080
#2183,9,Y010000I011000F052010V003010W021020N054030L070040T011040Z014050X003070U024070P040080
#2184,9,L060000W014000N011010T022010Y055010F014030X001040U024050P010060V012060Z033070I010090
#2185,9,T010000I011000Y013010L054010W011020F002030N074030P030050Z022060X004060V020070U013080
#2186,9,L010000Y002000P001010Z015010W011030F044030X002040N035040V020060U011060T035070I010090
#2187,9,Y000000P034000Z000010X003010V020020W014030I005040L070050U001050F014050T024070N042080
#2188,9,I000000T001000P024000N071010U033020F074030X001040W013050Y010060L054060Z013070V034070
#2189,9,U030000T003000F071010N073010I005010P040030X003040W000050Y010060L054060Z013070V034070
#2190,9,I000000U001000F003000P034000Y061030T035030X001040W033050N054050V020060Z003070L043080
#2191,9,L070000T011000Y002000I005010P062020X002030W020040N014040F050060Z024060V035070U010080
#2192,9,P040000F022000U024000L010020Z032020T011030N035030W012050V020060X003060Y035060I010090
#2193,9,N070000I011000W001010T003010Y035020L070030F032030U002050X004050V020070Z031070P055070
#2194,9,I010000L045000P030010Z032020V003020F050030X003040N070050Y055050W001060T024070U010080
#2195,9,L060000Z024000N011010U002010Y035010T011030F074040I000050X002050W034060V021070P055070
#2196,9,N020000Y002000W020010L045010T010030V003030F043040X001050P014050U010070Z033070I010090
#2197,9,I000000N001000U024000P071010F033020T035030X001040W013050Y010060L054060Z013070V034070
#2198,9,I000000P011000F022000U024000Y061030T035030X001040W033050N054050V020060Z003070L043080
#2199,9,V010000P063000Y011010N022010L070030Z022030W014030I005040F014050U000070X002070T024070
#2200,9,N000000P063000L050010I000020Z032020V003020W012040F043050Y055050U000070X002070T024070
#2201,9,I010000L045000N070010W021010V003020Z014030P010040F043050Y055050U000070X002070T024070
#2202,9,Y060000N044000W020010L045010T010030V003030F043040X001050P014050U010070Z033070I010090
#2203,9,P060000V003000N070010F013010T024010Y010040L002040W012050X004050Z012070U013070I011090
#2204,9,I010000Z015000L070010P071010N044020T035030X002040W020050F034050V020070U024070Y001080
#2205,9,P000000V013000N012010Z024010L070020Y035020W022030F012050X003060U024060T010070I011090
#2206,9,L060000P024000Y071010F052010I000020W035020N012040T035040Z022060X004060V020070U013080
#2207,9,F050000I011000V013010P010020L032020Z024020Y035030W020050X003050T010070U024070N043080
#2208,9,V020000P041000U023000I005000L010030X002030Z003030N031050F073050Y035060W032070T023070
#2209,9,L060000W014000P021010Y055010U000030X002030Z003030F073050N020060V035060T010070I011090
#2210,9,P070000L062000F043010N015010X001020V035030I000040W012040T002060Y055060Z021070U012080
#2211,9,I000000U031000Z024000N012010V035010F052030Y055040L010050X002050W034060T021070P024080
#2212,9,V010000P063000F061010W002010Y035020N042030Z013040I000050T034050L035060U001070X003070
#2213,9,L000000P074000I000010N071010W022010Y035020T021040X003040Z024060U000070F042070V035070
#2214,9,N000000T003000W000010I005010P010020F063020Y074040L060050X001060Z002060V035070U010080
#2215,9,P070000L002000Z002010N054010W011020F032030X004040U010050Y043060V035060T010070I011090
#2216,9,L070000Y061000Z015000W021010P074020V010040F013040I005040N014050X001060T024070U010080
#2217,9,Y060000F044000U010010L035010X003020W000030I000040T011050V003050N074060Z002070P021080
#2218,9,I000000Z001000P003000N071010W035010F015030X001040U013050Y010060T022060V003070L044080
#2219,9,F050000V001000P034000I000020U012020T011030W035030X002050Y055050N020070Z003070L020080
#2220,9,F020000Y002000I000010N013010W035010L031030T035030U002050X004050V020070Z031070P055070
#2221,9,L060000P034000V001010T000020N054020Y070030F052030W032050X004050Z012070U013070I011090
#2222,9,I010000N015000L070010U031010F072020Y035020T032040W003050Z000060X003060V020070P024080
#2223,9,P000000U033000T032010X004010F020030N033030Y055030I000040W034050L031060Z014070V035070
#2224,9,P000000T003000Y032010N073010I005010U000020W033040L010050X004050Z021070F033070V035070
#2225,9,Y070000I011000F021010V003010W034020N011030T034040L035040Z031050U000070X002070P024080
#2226,9,N000000P063000Y070010Z031010L054020U012030X001040W033050F064050V020060T035070I010090
#2227,9,P070000L002000U022010N054010W011020T034030X001040F033050I005050Y010060Z013070V034070
#2228,9,U030000P003000W021010T035010N050020Z014030I000040Y055040X003050L031060V022070F074070
#2229,9,P040000Y062000N044010I000020T011020L035020F014030W001050X001060Z024060V035070U010080
#2230,9,N000000V003000U000010P054010Z001020Y055030F020040I000050W013050X004060T011070L045080
#2231,9,I000000Y011000T002000P055000W022020L054030N011040F052040Z021060X004060V032070U013080
#2232,9,L070000U031000Z024000F002010N035010Y060040T035040I000050X002050W034060V021070P055070
#2233,9,Y000000P034000N070010U011010X004020W022030T010040I005040L061060V020070F072070Z003070
#2234,9,P030000Y002000T022010N053010I005010L070020Z001040W023040F020060V020070X003070U024070
#2235,9,I010000N015000L000010U000020F072020Y035020T032040W003050Z000060X003060V020070P024080
#2236,9,I010000P055000F050010V001010W020030Z032030L054030Y010050N013050X004060T021070U013080
#2237,9,L060000F044000P031010I005010W020020N053020T010040Y033040X001060Z024060V035070U010080
#2238,9,I010000L045000W000010Y010020N033020P074020T021040Z015040F044060U000070X002070V035070
#2239,9,Y000000W014000P070010N015010F072020V035030T000040I000050Z032050L035060U001070X003070
#2240,9,I010000Y035000P070010T002010W032020X004030F032040N070050Z015050V022060U024070L020080
#2241,9,I010000W035000Y010010T001010P055020N031030F003030Z032050L035050X001060V023070U010080
#2242,9,P040000Y002000F073010L035010I000020T011020N022040W001050X001060Z024060V035070U010080
#2243,9,L070000V011000W014000N072010Y055010T024030P000040Z012050X003060U024060F031070I011090
#2244,9,I010000V035000N070010L061010T012020Y035030W020040F043040Z030060X004060P040080U013080
#2245,9,W000000P062000Y035000N050010F033020V020030T003040Z013050I005050L070060X002070U023070
#2246,9,P040000Y002000L043010W035010U030030Z015030X001040F014050I005050T010060V034070N061080
#2247,9,Y060000P024000I000010X002010F044020T011030L035030Z012050U003050W011070V035070N062080
#2248,9,L010000Y002000V011010W035010Z022020P055030N070040F013040X003060U024060T010070I011090
#2249,9,L010000Y002000U031010P055010W022020X001030T035040I000050F072050N054060V021070Z032070
#2250,9,P030000U032000Y035000W033010V020020Z023030N034040I005040F020050L070060X002070T024070
#2251,9,Y060000U024000W020010P002010Z030030V013030N034040I005040F020050L070060X002070T024070
#2252,9,P070000Y062000F032010V034010I005010T010030W013040N011050X004050Z021070U013070L022080
#2253,9,L000000Z024000P070010N072010I005010X001030V034030T010050U033060W011070F074070Y022080
#2254,9,I000000P071000F063000U024000Y061030T035030X001040W033050N054050V020060Z003070L043080
#2255,9,L060000P024000W001010F020020Z024020Y070030V035030N032040X003060U024060T010070I011090
#2256,9,I010000P055000N050010T001010F063020Y070030W035030Z032050L035050X001060V023070U010080
#2257,9,V010000P023000Y035000Z031010L010030N012030W034030I005040F014050U000070X002070T024070
#2258,9,P010000I011000V032010U033010F034020L010040X002040Z024040Y035050N031060T022070W023070
#2259,9,Y010000I011000P012010T003010N031020L035020W032040Z023040F044060U000070X002070V035070
#2260,9,I010000Y055000V020010P001010Z003020F013030W020040U033050T010060X004060N061080L045080
#2261,9,N070000P041000U023000I005000F052020T010030X004040W001050L010060Y055060V021070Z032070
#2262,9,I010000P055000L010010N012010T023010F015030X002040W020050Z015050V020070U024070Y001080
#2263,9,I010000Y035000P030010V012010W023020T010030Z033040F021050L070060N071060X004060U013080
#2264,9,U000000Y062000F021010L054010W034020Z000030N070040X004040P042060V035060T010070I011090
#2265,9,F050000I011000P023010Y035010N070020T001030W003040L070050Z013050X004060V032070U013080
#2266,9,F050000I011000N053010L054010Y070020X002020T023040W011050U024050P051070V022070Z033070
#2267,9,P000000L013000Y055000Z012010V034020W011030I005040N061050F014050U000070X002070T024070
#2268,9,T010000V001000L054000Y034010W011020X002030F015040I000050Z031050P055060U001070N022080
#2269,9,I010000P055000Y010010T001010F063020N031030W035030Z032050L035050X001060V023070U010080
#2270,9,I010000W035000P030010L012010T035020Y010030F013040N054040X001060Z003060V023070U010080
#2271,9,L010000Y002000P071010F063010I005010W034030V010040Z031050N054050U000070X002070T024070
#2272,9,L010000F042000P074000T023010N031020I005020W032040Z023040Y034050U000070X002070V035070
#2273,9,Z000000Y002000L070010W002010I005010N001030T032040P043050F020060V020070X003070U024070
#2274,9,I010000L045000U000010Y001020W035020Z012030N035040X001050T002050V020070F072070P055070
#2275,9,I000000L061000P055000N012010T023010F015030X002040W020050Z015050V020070U024070Y001080
#2276,9,I000000T001000P054000L035000Y071010Z033030F032040N070050X004050W022060V035070U010080
#2277,9,U030000V003000W021010P033010N050020Z015030I000040Y032040F044050L035060T021070X003070
#2278,9,I010000N035000P000010F043010U030030T035030X001040W013050Y010060L054060Z013070V034070
#2279,9,P060000V003000N050010W013010X004020L070030F042040Z015040U024060T010070Y001070I011090
#2280,9,L010000F042000P024000N031020X003020U024020W032040T003050Z012060V033060Y035060I010090
#2281,9,P060000V003000I000010Z013010T024010X002030W014040N011050L035050U012060F061070Y023080
#2282,9,P000000V003000N032010Z003010L010020Y073020W032040I005040F014050U000070X002070T024070
#2283,9,Y000000U024000P030010W013010Z030030V013030N034040I005040F020050L070060X002070T024070
#2284,9,Y060000W014000P010010L032010I005010N014020Z030040T024040F020060V020070X003070U024070
#2285,9,T000000N063000V020010F014010I005010Z014030L010040Y011050W003050X003060U010080P024080
#2286,9,L060000P024000U001010Y070020T002020N015020W022040I005040X001050V020070F072070Z003070
#2287,9,I000000N071000Z032000V003000F063020T021030Y055030W013050L010060X004060P011070U013080
#2288,9,L060000P034000F071010W002010U000030T033030N015030X002050I005050Y010060Z013070V034070
#2289,9,L020000I011000F014010Y035010P030020T022030N070040W003040Z022060X004060V020070U013080
#2290,9,P010000N001000U024000W022010L050030Y072030T035030I000040X004050Z021070F033070V035070
#2291,9,F020000Y002000N070010X003010I005010U012030W020040T002050L070060Z024060P031070V035070
#2292,9,L070000U001000P023000Y035000W033020X004030T010040F033050I005050N011060Z013070V034070
#2293,9,N070000P001000U024000W013010T010030Y033030L014030I005040X001050V020070F072070Z003070
#2294,9,I010000Z015000Y010010U021010W034020N035020X001040F073050L035050T010060V023070P021080
#2295,9,P040000Y062000L034010I005010V010020Z013020X002040W020050F034050T010070U024070N043080
#2296,9,Y000000F044000N020010I005010T010020Z023030W011040V034040X001060L035060P073070U010080
#2297,9,Z030000I011000N033010P034010L010020V021030X004030T035050U030060F031070W003070Y043080
#2298,9,I000000V011000P024000F052010W035020Z021030Y072040T035040L070060N071060X004060U013080
#2299,9,F020000T002000P055000N070010Z032020V035030I000040W012040X002060U023060L035060Y021080
#2300,9,N000000T003000P030010I005010W002020L070030F072030Z001050X004050U000070V035070Y061080
#2301,9,I000000W001000V003000Y011010T024010F052030P055040U030050X001060Z033060L020080N002080
#2302,9,P000000F043000Y055000I000020U001020T034020Z013040N015040W012060L035060V020070X003070
#2303,9,L010000Y052000P063000Z033010V021020W003030I000040F051050N002050T021070X003070U024070
#2304,9,L010000N012000U003000Y055000T022020W003030I000040P001050X004050Z021070F033070V035070
#2305,9,P030000Y002000Z022010T035010I000020F013030N054030L071050W013050X004060V020070U013080
#2306,9,Z030000V001000L034000I005000F020020Y070030P062040X002050W035050U000070T035070N021080
#2307,9,Z000000L002000N070010P062010Y035020V012030I000040W023040F051050T021070X003070U024070
#2308,9,L060000N044000F071010T035010V020030Z031030W003030X004050Y070060P031060U013070I011090
#2309,10,L050000P042000U024000I000010T022020Z033020X004040F001050W022050Y035060V020070N001080
#2310,10,P060000N053000L054000W020010Z002020T010030Y055040U001050X003050V020060F074070I010090
#2311,10,L010000T012000V003000Y071010W003020X003030F050040Z014050I005050P010060U023070N042080
#2312,10,V000000Y013000U024000Z000010N070020P034030W002040I000050X002050F015060T011070L045080
#2313,10,V000000Y073000P034000Z000010L070020F044030W001040N035040U000060X002060T035070I010090
#2314,10,P070000F022000U024000W032010X002030V003030Y010040N074040T023050Z021060L002080I010090
#2315,10,F020000L052000P074000I000010N012020W035020Y072040T035040Z000060X004060V020070U013080
#2316,10,L060000N014000Y035000P021010V010030W034030Z021040I005040F014050U000070X002070T024070
#2317,10,P030000F052000V003000I000020U012020T011030W035030X002050Y055050N020070Z003070L020080
#2318,10,L050000Y012000V003000I000010F004010T033030Z024040W011050N035050X002060P040080U013080
#2319,10,T000000P013000L054000I000010Y032010W003030N031040X003040F032060Z024060V035070U010080
#2320,10,V010000P073000Y035000Z021010N072020W003030F020040I000050T034050L035060U001070X003070
#2321,10,P000000F073000L054000I000020T001020N071030W003030Y013040X001060Z024060V035070U010080
#2322,10,P030000Y072000V003000Z003010W020020F053030T010040X003050I005050N011060U012070L021080
#2323,10,V010000N013000Z024000Y031010L035010W013030I000040F051050P063050T021070X003070U024070
#2324,10,L070000P001000F044000I005010N001020X002030Y010040W034040T011060Z024060V035070U010080
#2325,10,T000000P053000L034000I005000Y070010X002030F034040N070050W021050Z024060V035070U010080
#2326,10,L010000P062000I005000W001010F061020Y034020Z012040T033050N015050U000070X002070V035070
#2327,10,L050000P062000Y035000I000010W022010F002030V003040N011050Z014050T021070X003070U024070
#2328,10,Y000000L014000P070010W033010I005010F063030V010040Z031050N054050U000070X002070T024070
#2329,10,P000000N013000Z024000Y035010L010020U011030X004040F001050W022050V035060T010070I011090
#2330,10,I000000F021000U023000L035000N071010Z033030T011040Y070050X004050W022060V035070P021080
#2331,10,T000000F003000P034000N070010Z032020V035030I000040W012040X002060U023060L035060Y021080
#2332,10,T000000N053000L054000I000010F062010X003030W021040P055040Z000060V020070Y002070U013080
#2333,10,Y070000V001000P034000L051010X004020N011030Z013040I005040T034050U000070F002070W023070
#2334,10,P010000L051000U033000X004010Z000030F003030Y055030V020040W003060T010070N001070I011090
#2335,10,L050000P002000W035000I000010T012020Y035020N031040X003040F032060Z024060V035070U010080
#2336,10,V000000L053000I005000P070010Y033010X001030F014040Z030050W035050U000070T035070N021080
#2337,10,L050000W022000P063000I000010T012020Y035020N031040X003040F032060Z024060V035070U010080
#2338,10,Y060000P054000L035000I000010F002010W021030V003040N011050Z014050T021070X003070U024070
#2339,10,U030000Y073000P034000X001010W020030Z032030L054030I000050F073050T011060V035070N062080
